raceId,driverId,constructorId,statusId,circuitId,date,driverRef,number,code,constructorRef,circuitRef,lap,position_x,time,position_y,status
1126,846,1,1,79,2024-05-05,norris,4,NOR,mclaren,miami,1,6,1:38.919,5,Finished
1126,846,1,1,79,2024-05-05,norris,4,NOR,mclaren,miami,2,6,1:34.199,5,Finished
1126,846,1,1,79,2024-05-05,norris,4,NOR,mclaren,miami,3,6,1:33.687,5,Finished
1126,846,1,1,79,2024-05-05,norris,4,NOR,mclaren,miami,4,6,1:33.674,5,Finished
1126,846,1,1,79,2024-05-05,norris,4,NOR,mclaren,miami,5,6,1:33.260,5,Finished
1126,846,1,1,79,2024-05-05,norris,4,NOR,mclaren,miami,6,6,1:33.172,5,Finished
1126,846,1,1,79,2024-05-05,norris,4,NOR,mclaren,miami,7,6,1:33.165,5,Finished
1126,846,1,1,79,2024-05-05,norris,4,NOR,mclaren,miami,8,6,1:32.999,5,Finished
1126,846,1,1,79,2024-05-05,norris,4,NOR,mclaren,miami,9,6,1:33.429,5,Finished
1126,846,1,1,79,2024-05-05,norris,4,NOR,mclaren,miami,10,6,1:33.230,5,Finished
1126,846,1,1,79,2024-05-05,norris,4,NOR,mclaren,miami,11,6,1:33.432,5,Finished
1126,846,1,1,79,2024-05-05,norris,4,NOR,mclaren,miami,12,6,1:33.427,5,Finished
1126,846,1,1,79,2024-05-05,norris,4,NOR,mclaren,miami,13,6,1:33.502,5,Finished
1126,846,1,1,79,2024-05-05,norris,4,NOR,mclaren,miami,14,6,1:33.764,5,Finished
1126,846,1,1,79,2024-05-05,norris,4,NOR,mclaren,miami,15,6,1:33.472,5,Finished
1126,846,1,1,79,2024-05-05,norris,4,NOR,mclaren,miami,16,6,1:33.191,5,Finished
1126,846,1,1,79,2024-05-05,norris,4,NOR,mclaren,miami,17,5,1:33.463,5,Finished
1126,846,1,1,79,2024-05-05,norris,4,NOR,mclaren,miami,18,5,1:33.150,5,Finished
1126,846,1,1,79,2024-05-05,norris,4,NOR,mclaren,miami,19,5,1:32.476,5,Finished
1126,846,1,1,79,2024-05-05,norris,4,NOR,mclaren,miami,20,4,1:32.421,5,Finished
1126,846,1,1,79,2024-05-05,norris,4,NOR,mclaren,miami,21,4,1:32.329,5,Finished
1126,846,1,1,79,2024-05-05,norris,4,NOR,mclaren,miami,22,4,1:32.517,5,Finished
1126,846,1,1,79,2024-05-05,norris,4,NOR,mclaren,miami,23,4,1:46.891,5,Finished
1126,846,1,1,79,2024-05-05,norris,4,NOR,mclaren,miami,24,3,1:31.982,5,Finished
1126,846,1,1,79,2024-05-05,norris,4,NOR,mclaren,miami,25,3,1:32.171,5,Finished
1126,846,1,1,79,2024-05-05,norris,4,NOR,mclaren,miami,26,3,1:32.153,5,Finished
1126,846,1,1,79,2024-05-05,norris,4,NOR,mclaren,miami,27,1,1:32.162,5,Finished
1126,846,1,1,79,2024-05-05,norris,4,NOR,mclaren,miami,28,1,1:32.042,5,Finished
1126,846,1,1,79,2024-05-05,norris,4,NOR,mclaren,miami,29,1,2:13.364,5,Finished
1126,846,1,1,79,2024-05-05,norris,4,NOR,mclaren,miami,30,1,2:18.015,5,Finished
1126,846,1,1,79,2024-05-05,norris,4,NOR,mclaren,miami,31,1,1:57.513,5,Finished
1126,846,1,1,79,2024-05-05,norris,4,NOR,mclaren,miami,32,1,2:36.640,5,Finished
1126,846,1,1,79,2024-05-05,norris,4,NOR,mclaren,miami,33,1,1:31.157,5,Finished
1126,846,1,1,79,2024-05-05,norris,4,NOR,mclaren,miami,34,1,1:31.289,5,Finished
1126,846,1,1,79,2024-05-05,norris,4,NOR,mclaren,miami,35,1,1:31.391,5,Finished
1126,846,1,1,79,2024-05-05,norris,4,NOR,mclaren,miami,36,1,1:31.133,5,Finished
1126,846,1,1,79,2024-05-05,norris,4,NOR,mclaren,miami,37,1,1:31.074,5,Finished
1126,846,1,1,79,2024-05-05,norris,4,NOR,mclaren,miami,38,1,1:31.134,5,Finished
1126,846,1,1,79,2024-05-05,norris,4,NOR,mclaren,miami,39,1,1:31.192,5,Finished
1126,846,1,1,79,2024-05-05,norris,4,NOR,mclaren,miami,40,1,1:31.222,5,Finished
1126,846,1,1,79,2024-05-05,norris,4,NOR,mclaren,miami,41,1,1:31.059,5,Finished
1126,846,1,1,79,2024-05-05,norris,4,NOR,mclaren,miami,42,1,1:31.340,5,Finished
1126,846,1,1,79,2024-05-05,norris,4,NOR,mclaren,miami,43,1,1:31.066,5,Finished
1126,846,1,1,79,2024-05-05,norris,4,NOR,mclaren,miami,44,1,1:31.180,5,Finished
1126,846,1,1,79,2024-05-05,norris,4,NOR,mclaren,miami,45,1,1:31.068,5,Finished
1126,846,1,1,79,2024-05-05,norris,4,NOR,mclaren,miami,46,1,1:31.352,5,Finished
1126,846,1,1,79,2024-05-05,norris,4,NOR,mclaren,miami,47,1,1:31.423,5,Finished
1126,846,1,1,79,2024-05-05,norris,4,NOR,mclaren,miami,48,1,1:31.135,5,Finished
1126,846,1,1,79,2024-05-05,norris,4,NOR,mclaren,miami,49,1,1:31.177,5,Finished
1126,846,1,1,79,2024-05-05,norris,4,NOR,mclaren,miami,50,1,1:31.227,5,Finished
1126,846,1,1,79,2024-05-05,norris,4,NOR,mclaren,miami,51,1,1:31.080,5,Finished
1126,846,1,1,79,2024-05-05,norris,4,NOR,mclaren,miami,52,1,1:31.244,5,Finished
1126,846,1,1,79,2024-05-05,norris,4,NOR,mclaren,miami,53,1,1:31.251,5,Finished
1126,846,1,1,79,2024-05-05,norris,4,NOR,mclaren,miami,54,1,1:31.276,5,Finished
1126,846,1,1,79,2024-05-05,norris,4,NOR,mclaren,miami,55,1,1:30.980,5,Finished
1126,846,1,1,79,2024-05-05,norris,4,NOR,mclaren,miami,56,1,1:31.040,5,Finished
1126,846,1,1,79,2024-05-05,norris,4,NOR,mclaren,miami,57,1,1:31.575,5,Finished
1126,857,1,1,79,2024-05-05,piastri,81,PIA,mclaren,miami,1,3,1:36.848,6,Finished
1126,857,1,1,79,2024-05-05,piastri,81,PIA,mclaren,miami,2,3,1:32.827,6,Finished
1126,857,1,1,79,2024-05-05,piastri,81,PIA,mclaren,miami,3,3,1:33.063,6,Finished
1126,857,1,1,79,2024-05-05,piastri,81,PIA,mclaren,miami,4,2,1:33.119,6,Finished
1126,857,1,1,79,2024-05-05,piastri,81,PIA,mclaren,miami,5,2,1:33.321,6,Finished
1126,857,1,1,79,2024-05-05,piastri,81,PIA,mclaren,miami,6,2,1:32.878,6,Finished
1126,857,1,1,79,2024-05-05,piastri,81,PIA,mclaren,miami,7,2,1:33.355,6,Finished
1126,857,1,1,79,2024-05-05,piastri,81,PIA,mclaren,miami,8,2,1:33.067,6,Finished
1126,857,1,1,79,2024-05-05,piastri,81,PIA,mclaren,miami,9,2,1:33.092,6,Finished
1126,857,1,1,79,2024-05-05,piastri,81,PIA,mclaren,miami,10,2,1:33.592,6,Finished
1126,857,1,1,79,2024-05-05,piastri,81,PIA,mclaren,miami,11,2,1:33.262,6,Finished
1126,857,1,1,79,2024-05-05,piastri,81,PIA,mclaren,miami,12,2,1:33.083,6,Finished
1126,857,1,1,79,2024-05-05,piastri,81,PIA,mclaren,miami,13,2,1:33.162,6,Finished
1126,857,1,1,79,2024-05-05,piastri,81,PIA,mclaren,miami,14,2,1:33.183,6,Finished
1126,857,1,1,79,2024-05-05,piastri,81,PIA,mclaren,miami,15,2,1:32.767,6,Finished
1126,857,1,1,79,2024-05-05,piastri,81,PIA,mclaren,miami,16,2,1:32.785,6,Finished
1126,857,1,1,79,2024-05-05,piastri,81,PIA,mclaren,miami,17,2,1:33.084,6,Finished
1126,857,1,1,79,2024-05-05,piastri,81,PIA,mclaren,miami,18,2,1:32.975,6,Finished
1126,857,1,1,79,2024-05-05,piastri,81,PIA,mclaren,miami,19,2,1:33.109,6,Finished
1126,857,1,1,79,2024-05-05,piastri,81,PIA,mclaren,miami,20,2,1:32.630,6,Finished
1126,857,1,1,79,2024-05-05,piastri,81,PIA,mclaren,miami,21,2,1:32.930,6,Finished
1126,857,1,1,79,2024-05-05,piastri,81,PIA,mclaren,miami,22,2,1:32.716,6,Finished
1126,857,1,1,79,2024-05-05,piastri,81,PIA,mclaren,miami,23,1,1:47.104,6,Finished
1126,857,1,1,79,2024-05-05,piastri,81,PIA,mclaren,miami,24,1,1:32.455,6,Finished
1126,857,1,1,79,2024-05-05,piastri,81,PIA,mclaren,miami,25,1,1:32.453,6,Finished
1126,857,1,1,79,2024-05-05,piastri,81,PIA,mclaren,miami,26,1,1:32.656,6,Finished
1126,857,1,1,79,2024-05-05,piastri,81,PIA,mclaren,miami,27,2,1:37.602,6,Finished
1126,857,1,1,79,2024-05-05,piastri,81,PIA,mclaren,miami,28,4,1:55.479,6,Finished
1126,857,1,1,79,2024-05-05,piastri,81,PIA,mclaren,miami,29,4,2:22.836,6,Finished
1126,857,1,1,79,2024-05-05,piastri,81,PIA,mclaren,miami,30,4,2:05.882,6,Finished
1126,857,1,1,79,2024-05-05,piastri,81,PIA,mclaren,miami,31,4,1:42.757,6,Finished
1126,857,1,1,79,2024-05-05,piastri,81,PIA,mclaren,miami,32,4,2:30.441,6,Finished
1126,857,1,1,79,2024-05-05,piastri,81,PIA,mclaren,miami,33,4,1:33.248,6,Finished
1126,857,1,1,79,2024-05-05,piastri,81,PIA,mclaren,miami,34,4,1:32.143,6,Finished
1126,857,1,1,79,2024-05-05,piastri,81,PIA,mclaren,miami,35,4,1:31.372,6,Finished
1126,857,1,1,79,2024-05-05,piastri,81,PIA,mclaren,miami,36,4,1:32.202,6,Finished
1126,857,1,1,79,2024-05-05,piastri,81,PIA,mclaren,miami,37,4,1:32.035,6,Finished
1126,857,1,1,79,2024-05-05,piastri,81,PIA,mclaren,miami,38,4,1:31.673,6,Finished
1126,857,1,1,79,2024-05-05,piastri,81,PIA,mclaren,miami,39,5,1:32.617,6,Finished
1126,857,1,1,79,2024-05-05,piastri,81,PIA,mclaren,miami,40,11,1:40.795,6,Finished
1126,857,1,1,79,2024-05-05,piastri,81,PIA,mclaren,miami,41,19,1:53.723,6,Finished
1126,857,1,1,79,2024-05-05,piastri,81,PIA,mclaren,miami,42,19,1:30.643,6,Finished
1126,857,1,1,79,2024-05-05,piastri,81,PIA,mclaren,miami,43,19,1:30.634,6,Finished
1126,857,1,1,79,2024-05-05,piastri,81,PIA,mclaren,miami,44,19,1:30.752,6,Finished
1126,857,1,1,79,2024-05-05,piastri,81,PIA,mclaren,miami,45,19,1:31.286,6,Finished
1126,857,1,1,79,2024-05-05,piastri,81,PIA,mclaren,miami,46,18,1:31.080,6,Finished
1126,857,1,1,79,2024-05-05,piastri,81,PIA,mclaren,miami,47,18,1:31.641,6,Finished
1126,857,1,1,79,2024-05-05,piastri,81,PIA,mclaren,miami,48,17,1:31.828,6,Finished
1126,857,1,1,79,2024-05-05,piastri,81,PIA,mclaren,miami,49,17,1:31.950,6,Finished
1126,857,1,1,79,2024-05-05,piastri,81,PIA,mclaren,miami,50,17,1:32.375,6,Finished
1126,857,1,1,79,2024-05-05,piastri,81,PIA,mclaren,miami,51,17,1:32.849,6,Finished
1126,857,1,1,79,2024-05-05,piastri,81,PIA,mclaren,miami,52,17,1:33.862,6,Finished
1126,857,1,1,79,2024-05-05,piastri,81,PIA,mclaren,miami,53,16,1:32.610,6,Finished
1126,857,1,1,79,2024-05-05,piastri,81,PIA,mclaren,miami,54,15,1:31.932,6,Finished
1126,857,1,1,79,2024-05-05,piastri,81,PIA,mclaren,miami,55,15,1:31.665,6,Finished
1126,857,1,1,79,2024-05-05,piastri,81,PIA,mclaren,miami,56,15,1:32.054,6,Finished
1126,857,1,1,79,2024-05-05,piastri,81,PIA,mclaren,miami,57,14,1:32.150,6,Finished
1126,830,9,1,79,2024-05-05,max_verstappen,33,VER,red_bull,miami,1,1,1:34.338,1,Finished
1126,830,9,1,79,2024-05-05,max_verstappen,33,VER,red_bull,miami,2,1,1:33.093,1,Finished
1126,830,9,1,79,2024-05-05,max_verstappen,33,VER,red_bull,miami,3,1,1:33.137,1,Finished
1126,830,9,1,79,2024-05-05,max_verstappen,33,VER,red_bull,miami,4,1,1:33.504,1,Finished
1126,830,9,1,79,2024-05-05,max_verstappen,33,VER,red_bull,miami,5,1,1:32.834,1,Finished
1126,830,9,1,79,2024-05-05,max_verstappen,33,VER,red_bull,miami,6,1,1:32.939,1,Finished
1126,830,9,1,79,2024-05-05,max_verstappen,33,VER,red_bull,miami,7,1,1:32.895,1,Finished
1126,830,9,1,79,2024-05-05,max_verstappen,33,VER,red_bull,miami,8,1,1:32.838,1,Finished
1126,830,9,1,79,2024-05-05,max_verstappen,33,VER,red_bull,miami,9,1,1:33.289,1,Finished
1126,830,9,1,79,2024-05-05,max_verstappen,33,VER,red_bull,miami,10,1,1:33.267,1,Finished
1126,830,9,1,79,2024-05-05,max_verstappen,33,VER,red_bull,miami,11,1,1:33.501,1,Finished
1126,830,9,1,79,2024-05-05,max_verstappen,33,VER,red_bull,miami,12,1,1:33.097,1,Finished
1126,830,9,1,79,2024-05-05,max_verstappen,33,VER,red_bull,miami,13,1,1:33.129,1,Finished
1126,830,9,1,79,2024-05-05,max_verstappen,33,VER,red_bull,miami,14,1,1:32.918,1,Finished
1126,830,9,1,79,2024-05-05,max_verstappen,33,VER,red_bull,miami,15,1,1:32.807,1,Finished
1126,830,9,1,79,2024-05-05,max_verstappen,33,VER,red_bull,miami,16,1,1:32.749,1,Finished
1126,830,9,1,79,2024-05-05,max_verstappen,33,VER,red_bull,miami,17,1,1:32.920,1,Finished
1126,830,9,1,79,2024-05-05,max_verstappen,33,VER,red_bull,miami,18,1,1:33.022,1,Finished
1126,830,9,1,79,2024-05-05,max_verstappen,33,VER,red_bull,miami,19,1,1:32.668,1,Finished
1126,830,9,1,79,2024-05-05,max_verstappen,33,VER,red_bull,miami,20,1,1:32.530,1,Finished
1126,830,9,1,79,2024-05-05,max_verstappen,33,VER,red_bull,miami,21,1,1:32.926,1,Finished
1126,830,9,1,79,2024-05-05,max_verstappen,33,VER,red_bull,miami,22,1,1:32.906,1,Finished
1126,830,9,1,79,2024-05-05,max_verstappen,33,VER,red_bull,miami,23,2,1:51.938,1,Finished
1126,830,9,1,79,2024-05-05,max_verstappen,33,VER,red_bull,miami,24,4,1:47.087,1,Finished
1126,830,9,1,79,2024-05-05,max_verstappen,33,VER,red_bull,miami,25,4,1:32.298,1,Finished
1126,830,9,1,79,2024-05-05,max_verstappen,33,VER,red_bull,miami,26,4,1:32.410,1,Finished
1126,830,9,1,79,2024-05-05,max_verstappen,33,VER,red_bull,miami,27,4,1:32.515,1,Finished
1126,830,9,1,79,2024-05-05,max_verstappen,33,VER,red_bull,miami,28,2,1:39.376,1,Finished
1126,830,9,1,79,2024-05-05,max_verstappen,33,VER,red_bull,miami,29,2,2:26.519,1,Finished
1126,830,9,1,79,2024-05-05,max_verstappen,33,VER,red_bull,miami,30,2,2:04.420,1,Finished
1126,830,9,1,79,2024-05-05,max_verstappen,33,VER,red_bull,miami,31,2,1:41.077,1,Finished
1126,830,9,1,79,2024-05-05,max_verstappen,33,VER,red_bull,miami,32,2,2:35.033,1,Finished
1126,830,9,1,79,2024-05-05,max_verstappen,33,VER,red_bull,miami,33,2,1:32.227,1,Finished
1126,830,9,1,79,2024-05-05,max_verstappen,33,VER,red_bull,miami,34,2,1:31.611,1,Finished
1126,830,9,1,79,2024-05-05,max_verstappen,33,VER,red_bull,miami,35,2,1:31.409,1,Finished
1126,830,9,1,79,2024-05-05,max_verstappen,33,VER,red_bull,miami,36,2,1:31.456,1,Finished
1126,830,9,1,79,2024-05-05,max_verstappen,33,VER,red_bull,miami,37,2,1:31.377,1,Finished
1126,830,9,1,79,2024-05-05,max_verstappen,33,VER,red_bull,miami,38,2,1:31.526,1,Finished
1126,830,9,1,79,2024-05-05,max_verstappen,33,VER,red_bull,miami,39,2,1:31.336,1,Finished
1126,830,9,1,79,2024-05-05,max_verstappen,33,VER,red_bull,miami,40,2,1:31.487,1,Finished
1126,830,9,1,79,2024-05-05,max_verstappen,33,VER,red_bull,miami,41,2,1:31.375,1,Finished
1126,830,9,1,79,2024-05-05,max_verstappen,33,VER,red_bull,miami,42,2,1:31.455,1,Finished
1126,830,9,1,79,2024-05-05,max_verstappen,33,VER,red_bull,miami,43,2,1:31.435,1,Finished
1126,830,9,1,79,2024-05-05,max_verstappen,33,VER,red_bull,miami,44,2,1:31.452,1,Finished
1126,830,9,1,79,2024-05-05,max_verstappen,33,VER,red_bull,miami,45,2,1:31.537,1,Finished
1126,830,9,1,79,2024-05-05,max_verstappen,33,VER,red_bull,miami,46,2,1:31.788,1,Finished
1126,830,9,1,79,2024-05-05,max_verstappen,33,VER,red_bull,miami,47,2,1:31.513,1,Finished
1126,830,9,1,79,2024-05-05,max_verstappen,33,VER,red_bull,miami,48,2,1:31.261,1,Finished
1126,830,9,1,79,2024-05-05,max_verstappen,33,VER,red_bull,miami,49,2,1:31.597,1,Finished
1126,830,9,1,79,2024-05-05,max_verstappen,33,VER,red_bull,miami,50,2,1:31.338,1,Finished
1126,830,9,1,79,2024-05-05,max_verstappen,33,VER,red_bull,miami,51,2,1:31.284,1,Finished
1126,830,9,1,79,2024-05-05,max_verstappen,33,VER,red_bull,miami,52,2,1:31.428,1,Finished
1126,830,9,1,79,2024-05-05,max_verstappen,33,VER,red_bull,miami,53,2,1:31.473,1,Finished
1126,830,9,1,79,2024-05-05,max_verstappen,33,VER,red_bull,miami,54,2,1:31.546,1,Finished
1126,830,9,1,79,2024-05-05,max_verstappen,33,VER,red_bull,miami,55,2,1:31.408,1,Finished
1126,830,9,1,79,2024-05-05,max_verstappen,33,VER,red_bull,miami,56,2,1:31.490,1,Finished
1126,830,9,1,79,2024-05-05,max_verstappen,33,VER,red_bull,miami,57,2,1:31.699,1,Finished
1126,815,9,1,79,2024-05-05,perez,11,PER,red_bull,miami,1,5,1:38.282,4,Finished
1126,815,9,1,79,2024-05-05,perez,11,PER,red_bull,miami,2,5,1:33.181,4,Finished
1126,815,9,1,79,2024-05-05,perez,11,PER,red_bull,miami,3,5,1:33.521,4,Finished
1126,815,9,1,79,2024-05-05,perez,11,PER,red_bull,miami,4,5,1:33.425,4,Finished
1126,815,9,1,79,2024-05-05,perez,11,PER,red_bull,miami,5,5,1:33.318,4,Finished
1126,815,9,1,79,2024-05-05,perez,11,PER,red_bull,miami,6,5,1:33.198,4,Finished
1126,815,9,1,79,2024-05-05,perez,11,PER,red_bull,miami,7,5,1:33.175,4,Finished
1126,815,9,1,79,2024-05-05,perez,11,PER,red_bull,miami,8,5,1:33.147,4,Finished
1126,815,9,1,79,2024-05-05,perez,11,PER,red_bull,miami,9,5,1:33.490,4,Finished
1126,815,9,1,79,2024-05-05,perez,11,PER,red_bull,miami,10,5,1:33.579,4,Finished
1126,815,9,1,79,2024-05-05,perez,11,PER,red_bull,miami,11,5,1:33.532,4,Finished
1126,815,9,1,79,2024-05-05,perez,11,PER,red_bull,miami,12,5,1:33.755,4,Finished
1126,815,9,1,79,2024-05-05,perez,11,PER,red_bull,miami,13,5,1:33.971,4,Finished
1126,815,9,1,79,2024-05-05,perez,11,PER,red_bull,miami,14,5,1:33.832,4,Finished
1126,815,9,1,79,2024-05-05,perez,11,PER,red_bull,miami,15,5,1:33.337,4,Finished
1126,815,9,1,79,2024-05-05,perez,11,PER,red_bull,miami,16,5,1:33.174,4,Finished
1126,815,9,1,79,2024-05-05,perez,11,PER,red_bull,miami,17,6,1:38.985,4,Finished
1126,815,9,1,79,2024-05-05,perez,11,PER,red_bull,miami,18,10,1:46.549,4,Finished
1126,815,9,1,79,2024-05-05,perez,11,PER,red_bull,miami,19,9,1:33.159,4,Finished
1126,815,9,1,79,2024-05-05,perez,11,PER,red_bull,miami,20,9,1:33.069,4,Finished
1126,815,9,1,79,2024-05-05,perez,11,PER,red_bull,miami,21,9,1:32.753,4,Finished
1126,815,9,1,79,2024-05-05,perez,11,PER,red_bull,miami,22,9,1:32.852,4,Finished
1126,815,9,1,79,2024-05-05,perez,11,PER,red_bull,miami,23,9,1:47.989,4,Finished
1126,815,9,1,79,2024-05-05,perez,11,PER,red_bull,miami,24,7,1:32.386,4,Finished
1126,815,9,1,79,2024-05-05,perez,11,PER,red_bull,miami,25,7,1:32.763,4,Finished
1126,815,9,1,79,2024-05-05,perez,11,PER,red_bull,miami,26,6,1:32.512,4,Finished
1126,815,9,1,79,2024-05-05,perez,11,PER,red_bull,miami,27,6,1:32.161,4,Finished
1126,815,9,1,79,2024-05-05,perez,11,PER,red_bull,miami,28,6,1:47.036,4,Finished
1126,815,9,1,79,2024-05-05,perez,11,PER,red_bull,miami,29,6,2:18.070,4,Finished
1126,815,9,1,79,2024-05-05,perez,11,PER,red_bull,miami,30,6,2:00.593,4,Finished
1126,815,9,1,79,2024-05-05,perez,11,PER,red_bull,miami,31,6,1:42.695,4,Finished
1126,815,9,1,79,2024-05-05,perez,11,PER,red_bull,miami,32,6,2:27.689,4,Finished
1126,815,9,1,79,2024-05-05,perez,11,PER,red_bull,miami,33,6,1:33.589,4,Finished
1126,815,9,1,79,2024-05-05,perez,11,PER,red_bull,miami,34,6,1:32.188,4,Finished
1126,815,9,1,79,2024-05-05,perez,11,PER,red_bull,miami,35,6,1:31.589,4,Finished
1126,815,9,1,79,2024-05-05,perez,11,PER,red_bull,miami,36,6,1:32.184,4,Finished
1126,815,9,1,79,2024-05-05,perez,11,PER,red_bull,miami,37,6,1:32.553,4,Finished
1126,815,9,1,79,2024-05-05,perez,11,PER,red_bull,miami,38,6,1:31.664,4,Finished
1126,815,9,1,79,2024-05-05,perez,11,PER,red_bull,miami,39,6,1:32.195,4,Finished
1126,815,9,1,79,2024-05-05,perez,11,PER,red_bull,miami,40,5,1:32.645,4,Finished
1126,815,9,1,79,2024-05-05,perez,11,PER,red_bull,miami,41,5,1:32.137,4,Finished
1126,815,9,1,79,2024-05-05,perez,11,PER,red_bull,miami,42,5,1:31.513,4,Finished
1126,815,9,1,79,2024-05-05,perez,11,PER,red_bull,miami,43,5,1:31.405,4,Finished
1126,815,9,1,79,2024-05-05,perez,11,PER,red_bull,miami,44,5,1:31.509,4,Finished
1126,815,9,1,79,2024-05-05,perez,11,PER,red_bull,miami,45,5,1:31.532,4,Finished
1126,815,9,1,79,2024-05-05,perez,11,PER,red_bull,miami,46,5,1:31.681,4,Finished
1126,815,9,1,79,2024-05-05,perez,11,PER,red_bull,miami,47,5,1:31.369,4,Finished
1126,815,9,1,79,2024-05-05,perez,11,PER,red_bull,miami,48,5,1:31.549,4,Finished
1126,815,9,1,79,2024-05-05,perez,11,PER,red_bull,miami,49,5,1:31.396,4,Finished
1126,815,9,1,79,2024-05-05,perez,11,PER,red_bull,miami,50,5,1:31.735,4,Finished
1126,815,9,1,79,2024-05-05,perez,11,PER,red_bull,miami,51,5,1:31.519,4,Finished
1126,815,9,1,79,2024-05-05,perez,11,PER,red_bull,miami,52,5,1:31.530,4,Finished
1126,815,9,1,79,2024-05-05,perez,11,PER,red_bull,miami,53,5,1:31.316,4,Finished
1126,815,9,1,79,2024-05-05,perez,11,PER,red_bull,miami,54,5,1:31.178,4,Finished
1126,815,9,1,79,2024-05-05,perez,11,PER,red_bull,miami,55,5,1:30.855,4,Finished
1126,815,9,1,79,2024-05-05,perez,11,PER,red_bull,miami,56,5,1:31.294,4,Finished
1126,815,9,1,79,2024-05-05,perez,11,PER,red_bull,miami,57,5,1:31.223,4,Finished
1126,844,6,1,79,2024-05-05,leclerc,16,LEC,ferrari,miami,1,2,1:35.697,2,Finished
1126,844,6,1,79,2024-05-05,leclerc,16,LEC,ferrari,miami,2,2,1:33.317,2,Finished
1126,844,6,1,79,2024-05-05,leclerc,16,LEC,ferrari,miami,3,2,1:33.310,2,Finished
1126,844,6,1,79,2024-05-05,leclerc,16,LEC,ferrari,miami,4,3,1:33.774,2,Finished
1126,844,6,1,79,2024-05-05,leclerc,16,LEC,ferrari,miami,5,3,1:33.809,2,Finished
1126,844,6,1,79,2024-05-05,leclerc,16,LEC,ferrari,miami,6,3,1:32.940,2,Finished
1126,844,6,1,79,2024-05-05,leclerc,16,LEC,ferrari,miami,7,3,1:33.278,2,Finished
1126,844,6,1,79,2024-05-05,leclerc,16,LEC,ferrari,miami,8,3,1:33.113,2,Finished
1126,844,6,1,79,2024-05-05,leclerc,16,LEC,ferrari,miami,9,3,1:33.152,2,Finished
1126,844,6,1,79,2024-05-05,leclerc,16,LEC,ferrari,miami,10,3,1:33.478,2,Finished
1126,844,6,1,79,2024-05-05,leclerc,16,LEC,ferrari,miami,11,3,1:33.171,2,Finished
1126,844,6,1,79,2024-05-05,leclerc,16,LEC,ferrari,miami,12,3,1:33.123,2,Finished
1126,844,6,1,79,2024-05-05,leclerc,16,LEC,ferrari,miami,13,3,1:33.327,2,Finished
1126,844,6,1,79,2024-05-05,leclerc,16,LEC,ferrari,miami,14,3,1:32.965,2,Finished
1126,844,6,1,79,2024-05-05,leclerc,16,LEC,ferrari,miami,15,3,1:32.689,2,Finished
1126,844,6,1,79,2024-05-05,leclerc,16,LEC,ferrari,miami,16,3,1:33.026,2,Finished
1126,844,6,1,79,2024-05-05,leclerc,16,LEC,ferrari,miami,17,3,1:33.068,2,Finished
1126,844,6,1,79,2024-05-05,leclerc,16,LEC,ferrari,miami,18,3,1:32.829,2,Finished
1126,844,6,1,79,2024-05-05,leclerc,16,LEC,ferrari,miami,19,4,1:38.239,2,Finished
1126,844,6,1,79,2024-05-05,leclerc,16,LEC,ferrari,miami,20,6,1:46.412,2,Finished
1126,844,6,1,79,2024-05-05,leclerc,16,LEC,ferrari,miami,21,5,1:32.113,2,Finished
1126,844,6,1,79,2024-05-05,leclerc,16,LEC,ferrari,miami,22,5,1:32.641,2,Finished
1126,844,6,1,79,2024-05-05,leclerc,16,LEC,ferrari,miami,23,5,1:47.724,2,Finished
1126,844,6,1,79,2024-05-05,leclerc,16,LEC,ferrari,miami,24,5,1:32.395,2,Finished
1126,844,6,1,79,2024-05-05,leclerc,16,LEC,ferrari,miami,25,5,1:32.279,2,Finished
1126,844,6,1,79,2024-05-05,leclerc,16,LEC,ferrari,miami,26,5,1:32.392,2,Finished
1126,844,6,1,79,2024-05-05,leclerc,16,LEC,ferrari,miami,27,5,1:32.057,2,Finished
1126,844,6,1,79,2024-05-05,leclerc,16,LEC,ferrari,miami,28,3,1:38.903,2,Finished
1126,844,6,1,79,2024-05-05,leclerc,16,LEC,ferrari,miami,29,3,2:25.594,2,Finished
1126,844,6,1,79,2024-05-05,leclerc,16,LEC,ferrari,miami,30,3,2:05.271,2,Finished
1126,844,6,1,79,2024-05-05,leclerc,16,LEC,ferrari,miami,31,3,1:42.140,2,Finished
1126,844,6,1,79,2024-05-05,leclerc,16,LEC,ferrari,miami,32,3,2:32.066,2,Finished
1126,844,6,1,79,2024-05-05,leclerc,16,LEC,ferrari,miami,33,3,1:32.787,2,Finished
1126,844,6,1,79,2024-05-05,leclerc,16,LEC,ferrari,miami,34,3,1:31.499,2,Finished
1126,844,6,1,79,2024-05-05,leclerc,16,LEC,ferrari,miami,35,3,1:31.449,2,Finished
1126,844,6,1,79,2024-05-05,leclerc,16,LEC,ferrari,miami,36,3,1:31.864,2,Finished
1126,844,6,1,79,2024-05-05,leclerc,16,LEC,ferrari,miami,37,3,1:31.841,2,Finished
1126,844,6,1,79,2024-05-05,leclerc,16,LEC,ferrari,miami,38,3,1:31.753,2,Finished
1126,844,6,1,79,2024-05-05,leclerc,16,LEC,ferrari,miami,39,3,1:31.561,2,Finished
1126,844,6,1,79,2024-05-05,leclerc,16,LEC,ferrari,miami,40,3,1:31.652,2,Finished
1126,844,6,1,79,2024-05-05,leclerc,16,LEC,ferrari,miami,41,3,1:31.346,2,Finished
1126,844,6,1,79,2024-05-05,leclerc,16,LEC,ferrari,miami,42,3,1:31.500,2,Finished
1126,844,6,1,79,2024-05-05,leclerc,16,LEC,ferrari,miami,43,3,1:31.632,2,Finished
1126,844,6,1,79,2024-05-05,leclerc,16,LEC,ferrari,miami,44,3,1:31.554,2,Finished
1126,844,6,1,79,2024-05-05,leclerc,16,LEC,ferrari,miami,45,3,1:31.378,2,Finished
1126,844,6,1,79,2024-05-05,leclerc,16,LEC,ferrari,miami,46,3,1:31.537,2,Finished
1126,844,6,1,79,2024-05-05,leclerc,16,LEC,ferrari,miami,47,3,1:31.627,2,Finished
1126,844,6,1,79,2024-05-05,leclerc,16,LEC,ferrari,miami,48,3,1:31.227,2,Finished
1126,844,6,1,79,2024-05-05,leclerc,16,LEC,ferrari,miami,49,3,1:31.318,2,Finished
1126,844,6,1,79,2024-05-05,leclerc,16,LEC,ferrari,miami,50,3,1:31.936,2,Finished
1126,844,6,1,79,2024-05-05,leclerc,16,LEC,ferrari,miami,51,3,1:31.223,2,Finished
1126,844,6,1,79,2024-05-05,leclerc,16,LEC,ferrari,miami,52,3,1:31.779,2,Finished
1126,844,6,1,79,2024-05-05,leclerc,16,LEC,ferrari,miami,53,3,1:31.455,2,Finished
1126,844,6,1,79,2024-05-05,leclerc,16,LEC,ferrari,miami,54,3,1:31.592,2,Finished
1126,844,6,1,79,2024-05-05,leclerc,16,LEC,ferrari,miami,55,3,1:31.281,2,Finished
1126,844,6,1,79,2024-05-05,leclerc,16,LEC,ferrari,miami,56,3,1:31.084,2,Finished
1126,844,6,1,79,2024-05-05,leclerc,16,LEC,ferrari,miami,57,3,1:31.629,2,Finished
1126,832,6,1,79,2024-05-05,sainz,55,SAI,ferrari,miami,1,4,1:37.234,3,Finished
1126,832,6,1,79,2024-05-05,sainz,55,SAI,ferrari,miami,2,4,1:32.990,3,Finished
1126,832,6,1,79,2024-05-05,sainz,55,SAI,ferrari,miami,3,4,1:33.239,3,Finished
1126,832,6,1,79,2024-05-05,sainz,55,SAI,ferrari,miami,4,4,1:33.249,3,Finished
1126,832,6,1,79,2024-05-05,sainz,55,SAI,ferrari,miami,5,4,1:33.569,3,Finished
1126,832,6,1,79,2024-05-05,sainz,55,SAI,ferrari,miami,6,4,1:32.911,3,Finished
1126,832,6,1,79,2024-05-05,sainz,55,SAI,ferrari,miami,7,4,1:33.421,3,Finished
1126,832,6,1,79,2024-05-05,sainz,55,SAI,ferrari,miami,8,4,1:33.339,3,Finished
1126,832,6,1,79,2024-05-05,sainz,55,SAI,ferrari,miami,9,4,1:33.078,3,Finished
1126,832,6,1,79,2024-05-05,sainz,55,SAI,ferrari,miami,10,4,1:33.334,3,Finished
1126,832,6,1,79,2024-05-05,sainz,55,SAI,ferrari,miami,11,4,1:33.355,3,Finished
1126,832,6,1,79,2024-05-05,sainz,55,SAI,ferrari,miami,12,4,1:33.153,3,Finished
1126,832,6,1,79,2024-05-05,sainz,55,SAI,ferrari,miami,13,4,1:33.605,3,Finished
1126,832,6,1,79,2024-05-05,sainz,55,SAI,ferrari,miami,14,4,1:32.992,3,Finished
1126,832,6,1,79,2024-05-05,sainz,55,SAI,ferrari,miami,15,4,1:33.119,3,Finished
1126,832,6,1,79,2024-05-05,sainz,55,SAI,ferrari,miami,16,4,1:33.245,3,Finished
1126,832,6,1,79,2024-05-05,sainz,55,SAI,ferrari,miami,17,4,1:33.230,3,Finished
1126,832,6,1,79,2024-05-05,sainz,55,SAI,ferrari,miami,18,4,1:33.065,3,Finished
1126,832,6,1,79,2024-05-05,sainz,55,SAI,ferrari,miami,19,3,1:32.838,3,Finished
1126,832,6,1,79,2024-05-05,sainz,55,SAI,ferrari,miami,20,3,1:32.628,3,Finished
1126,832,6,1,79,2024-05-05,sainz,55,SAI,ferrari,miami,21,3,1:32.778,3,Finished
1126,832,6,1,79,2024-05-05,sainz,55,SAI,ferrari,miami,22,3,1:32.775,3,Finished
1126,832,6,1,79,2024-05-05,sainz,55,SAI,ferrari,miami,23,3,1:47.406,3,Finished
1126,832,6,1,79,2024-05-05,sainz,55,SAI,ferrari,miami,24,2,1:32.640,3,Finished
1126,832,6,1,79,2024-05-05,sainz,55,SAI,ferrari,miami,25,2,1:32.455,3,Finished
1126,832,6,1,79,2024-05-05,sainz,55,SAI,ferrari,miami,26,2,1:32.573,3,Finished
1126,832,6,1,79,2024-05-05,sainz,55,SAI,ferrari,miami,27,3,1:37.282,3,Finished
1126,832,6,1,79,2024-05-05,sainz,55,SAI,ferrari,miami,28,5,1:56.881,3,Finished
1126,832,6,1,79,2024-05-05,sainz,55,SAI,ferrari,miami,29,5,2:19.655,3,Finished
1126,832,6,1,79,2024-05-05,sainz,55,SAI,ferrari,miami,30,5,2:07.676,3,Finished
1126,832,6,1,79,2024-05-05,sainz,55,SAI,ferrari,miami,31,5,1:42.547,3,Finished
1126,832,6,1,79,2024-05-05,sainz,55,SAI,ferrari,miami,32,5,2:28.743,3,Finished
1126,832,6,1,79,2024-05-05,sainz,55,SAI,ferrari,miami,33,5,1:33.197,3,Finished
1126,832,6,1,79,2024-05-05,sainz,55,SAI,ferrari,miami,34,5,1:32.109,3,Finished
1126,832,6,1,79,2024-05-05,sainz,55,SAI,ferrari,miami,35,5,1:31.423,3,Finished
1126,832,6,1,79,2024-05-05,sainz,55,SAI,ferrari,miami,36,5,1:32.105,3,Finished
1126,832,6,1,79,2024-05-05,sainz,55,SAI,ferrari,miami,37,5,1:32.315,3,Finished
1126,832,6,1,79,2024-05-05,sainz,55,SAI,ferrari,miami,38,5,1:31.366,3,Finished
1126,832,6,1,79,2024-05-05,sainz,55,SAI,ferrari,miami,39,4,1:32.198,3,Finished
1126,832,6,1,79,2024-05-05,sainz,55,SAI,ferrari,miami,40,4,1:32.455,3,Finished
1126,832,6,1,79,2024-05-05,sainz,55,SAI,ferrari,miami,41,4,1:32.006,3,Finished
1126,832,6,1,79,2024-05-05,sainz,55,SAI,ferrari,miami,42,4,1:31.581,3,Finished
1126,832,6,1,79,2024-05-05,sainz,55,SAI,ferrari,miami,43,4,1:31.052,3,Finished
1126,832,6,1,79,2024-05-05,sainz,55,SAI,ferrari,miami,44,4,1:31.362,3,Finished
1126,832,6,1,79,2024-05-05,sainz,55,SAI,ferrari,miami,45,4,1:31.501,3,Finished
1126,832,6,1,79,2024-05-05,sainz,55,SAI,ferrari,miami,46,4,1:31.348,3,Finished
1126,832,6,1,79,2024-05-05,sainz,55,SAI,ferrari,miami,47,4,1:31.523,3,Finished
1126,832,6,1,79,2024-05-05,sainz,55,SAI,ferrari,miami,48,4,1:31.392,3,Finished
1126,832,6,1,79,2024-05-05,sainz,55,SAI,ferrari,miami,49,4,1:31.415,3,Finished
1126,832,6,1,79,2024-05-05,sainz,55,SAI,ferrari,miami,50,4,1:31.546,3,Finished
1126,832,6,1,79,2024-05-05,sainz,55,SAI,ferrari,miami,51,4,1:31.039,3,Finished
1126,832,6,1,79,2024-05-05,sainz,55,SAI,ferrari,miami,52,4,1:31.363,3,Finished
1126,832,6,1,79,2024-05-05,sainz,55,SAI,ferrari,miami,53,4,1:31.567,3,Finished
1126,832,6,1,79,2024-05-05,sainz,55,SAI,ferrari,miami,54,4,1:31.325,3,Finished
1126,832,6,1,79,2024-05-05,sainz,55,SAI,ferrari,miami,55,4,1:30.928,3,Finished
1126,832,6,1,79,2024-05-05,sainz,55,SAI,ferrari,miami,56,4,1:31.062,3,Finished
1126,832,6,1,79,2024-05-05,sainz,55,SAI,ferrari,miami,57,4,1:31.100,3,Finished
1126,1,131,1,79,2024-05-05,hamilton,44,HAM,mercedes,miami,1,7,1:39.924,8,Finished
1126,1,131,1,79,2024-05-05,hamilton,44,HAM,mercedes,miami,2,8,1:34.966,8,Finished
1126,1,131,1,79,2024-05-05,hamilton,44,HAM,mercedes,miami,3,8,1:34.031,8,Finished
1126,1,131,1,79,2024-05-05,hamilton,44,HAM,mercedes,miami,4,8,1:33.861,8,Finished
1126,1,131,1,79,2024-05-05,hamilton,44,HAM,mercedes,miami,5,8,1:33.666,8,Finished
1126,1,131,1,79,2024-05-05,hamilton,44,HAM,mercedes,miami,6,8,1:33.679,8,Finished
1126,1,131,1,79,2024-05-05,hamilton,44,HAM,mercedes,miami,7,8,1:34.466,8,Finished
1126,1,131,1,79,2024-05-05,hamilton,44,HAM,mercedes,miami,8,8,1:34.621,8,Finished
1126,1,131,1,79,2024-05-05,hamilton,44,HAM,mercedes,miami,9,8,1:34.024,8,Finished
1126,1,131,1,79,2024-05-05,hamilton,44,HAM,mercedes,miami,10,7,1:34.602,8,Finished
1126,1,131,1,79,2024-05-05,hamilton,44,HAM,mercedes,miami,11,7,1:34.372,8,Finished
1126,1,131,1,79,2024-05-05,hamilton,44,HAM,mercedes,miami,12,7,1:33.990,8,Finished
1126,1,131,1,79,2024-05-05,hamilton,44,HAM,mercedes,miami,13,7,1:33.871,8,Finished
1126,1,131,1,79,2024-05-05,hamilton,44,HAM,mercedes,miami,14,7,1:33.693,8,Finished
1126,1,131,1,79,2024-05-05,hamilton,44,HAM,mercedes,miami,15,7,1:33.344,8,Finished
1126,1,131,1,79,2024-05-05,hamilton,44,HAM,mercedes,miami,16,7,1:33.521,8,Finished
1126,1,131,1,79,2024-05-05,hamilton,44,HAM,mercedes,miami,17,7,1:33.602,8,Finished
1126,1,131,1,79,2024-05-05,hamilton,44,HAM,mercedes,miami,18,6,1:33.306,8,Finished
1126,1,131,1,79,2024-05-05,hamilton,44,HAM,mercedes,miami,19,6,1:33.333,8,Finished
1126,1,131,1,79,2024-05-05,hamilton,44,HAM,mercedes,miami,20,5,1:33.048,8,Finished
1126,1,131,1,79,2024-05-05,hamilton,44,HAM,mercedes,miami,21,6,1:34.185,8,Finished
1126,1,131,1,79,2024-05-05,hamilton,44,HAM,mercedes,miami,22,6,1:33.359,8,Finished
1126,1,131,1,79,2024-05-05,hamilton,44,HAM,mercedes,miami,23,6,1:48.783,8,Finished
1126,1,131,1,79,2024-05-05,hamilton,44,HAM,mercedes,miami,24,6,1:32.852,8,Finished
1126,1,131,1,79,2024-05-05,hamilton,44,HAM,mercedes,miami,25,6,1:32.932,8,Finished
1126,1,131,1,79,2024-05-05,hamilton,44,HAM,mercedes,miami,26,7,1:39.049,8,Finished
1126,1,131,1,79,2024-05-05,hamilton,44,HAM,mercedes,miami,27,9,1:45.964,8,Finished
1126,1,131,1,79,2024-05-05,hamilton,44,HAM,mercedes,miami,28,8,1:47.365,8,Finished
1126,1,131,1,79,2024-05-05,hamilton,44,HAM,mercedes,miami,29,8,2:08.738,8,Finished
1126,1,131,1,79,2024-05-05,hamilton,44,HAM,mercedes,miami,30,8,2:00.115,8,Finished
1126,1,131,1,79,2024-05-05,hamilton,44,HAM,mercedes,miami,31,8,1:43.529,8,Finished
1126,1,131,1,79,2024-05-05,hamilton,44,HAM,mercedes,miami,32,8,2:21.263,8,Finished
1126,1,131,1,79,2024-05-05,hamilton,44,HAM,mercedes,miami,33,8,1:34.087,8,Finished
1126,1,131,1,79,2024-05-05,hamilton,44,HAM,mercedes,miami,34,7,1:32.268,8,Finished
1126,1,131,1,79,2024-05-05,hamilton,44,HAM,mercedes,miami,35,7,1:31.385,8,Finished
1126,1,131,1,79,2024-05-05,hamilton,44,HAM,mercedes,miami,36,7,1:32.240,8,Finished
1126,1,131,1,79,2024-05-05,hamilton,44,HAM,mercedes,miami,37,7,1:31.937,8,Finished
1126,1,131,1,79,2024-05-05,hamilton,44,HAM,mercedes,miami,38,7,1:31.772,8,Finished
1126,1,131,1,79,2024-05-05,hamilton,44,HAM,mercedes,miami,39,7,1:32.167,8,Finished
1126,1,131,1,79,2024-05-05,hamilton,44,HAM,mercedes,miami,40,6,1:32.530,8,Finished
1126,1,131,1,79,2024-05-05,hamilton,44,HAM,mercedes,miami,41,6,1:32.143,8,Finished
1126,1,131,1,79,2024-05-05,hamilton,44,HAM,mercedes,miami,42,6,1:31.672,8,Finished
1126,1,131,1,79,2024-05-05,hamilton,44,HAM,mercedes,miami,43,6,1:31.417,8,Finished
1126,1,131,1,79,2024-05-05,hamilton,44,HAM,mercedes,miami,44,6,1:31.511,8,Finished
1126,1,131,1,79,2024-05-05,hamilton,44,HAM,mercedes,miami,45,6,1:31.479,8,Finished
1126,1,131,1,79,2024-05-05,hamilton,44,HAM,mercedes,miami,46,6,1:31.679,8,Finished
1126,1,131,1,79,2024-05-05,hamilton,44,HAM,mercedes,miami,47,6,1:31.330,8,Finished
1126,1,131,1,79,2024-05-05,hamilton,44,HAM,mercedes,miami,48,6,1:31.626,8,Finished
1126,1,131,1,79,2024-05-05,hamilton,44,HAM,mercedes,miami,49,6,1:31.432,8,Finished
1126,1,131,1,79,2024-05-05,hamilton,44,HAM,mercedes,miami,50,6,1:31.625,8,Finished
1126,1,131,1,79,2024-05-05,hamilton,44,HAM,mercedes,miami,51,6,1:31.500,8,Finished
1126,1,131,1,79,2024-05-05,hamilton,44,HAM,mercedes,miami,52,6,1:31.696,8,Finished
1126,1,131,1,79,2024-05-05,hamilton,44,HAM,mercedes,miami,53,6,1:31.372,8,Finished
1126,1,131,1,79,2024-05-05,hamilton,44,HAM,mercedes,miami,54,6,1:31.233,8,Finished
1126,1,131,1,79,2024-05-05,hamilton,44,HAM,mercedes,miami,55,6,1:31.254,8,Finished
1126,1,131,1,79,2024-05-05,hamilton,44,HAM,mercedes,miami,56,6,1:31.429,8,Finished
1126,1,131,1,79,2024-05-05,hamilton,44,HAM,mercedes,miami,57,6,1:31.623,8,Finished
1126,847,131,1,79,2024-05-05,russell,63,RUS,mercedes,miami,1,10,1:41.627,7,Finished
1126,847,131,1,79,2024-05-05,russell,63,RUS,mercedes,miami,2,10,1:34.395,7,Finished
1126,847,131,1,79,2024-05-05,russell,63,RUS,mercedes,miami,3,10,1:34.095,7,Finished
1126,847,131,1,79,2024-05-05,russell,63,RUS,mercedes,miami,4,10,1:34.125,7,Finished
1126,847,131,1,79,2024-05-05,russell,63,RUS,mercedes,miami,5,9,1:33.932,7,Finished
1126,847,131,1,79,2024-05-05,russell,63,RUS,mercedes,miami,6,9,1:33.636,7,Finished
1126,847,131,1,79,2024-05-05,russell,63,RUS,mercedes,miami,7,9,1:33.936,7,Finished
1126,847,131,1,79,2024-05-05,russell,63,RUS,mercedes,miami,8,9,1:33.819,7,Finished
1126,847,131,1,79,2024-05-05,russell,63,RUS,mercedes,miami,9,9,1:34.359,7,Finished
1126,847,131,1,79,2024-05-05,russell,63,RUS,mercedes,miami,10,9,1:34.785,7,Finished
1126,847,131,1,79,2024-05-05,russell,63,RUS,mercedes,miami,11,9,1:34.805,7,Finished
1126,847,131,1,79,2024-05-05,russell,63,RUS,mercedes,miami,12,8,1:34.392,7,Finished
1126,847,131,1,79,2024-05-05,russell,63,RUS,mercedes,miami,13,8,1:34.041,7,Finished
1126,847,131,1,79,2024-05-05,russell,63,RUS,mercedes,miami,14,8,1:33.593,7,Finished
1126,847,131,1,79,2024-05-05,russell,63,RUS,mercedes,miami,15,8,1:33.389,7,Finished
1126,847,131,1,79,2024-05-05,russell,63,RUS,mercedes,miami,16,8,1:33.423,7,Finished
1126,847,131,1,79,2024-05-05,russell,63,RUS,mercedes,miami,17,8,1:33.607,7,Finished
1126,847,131,1,79,2024-05-05,russell,63,RUS,mercedes,miami,18,7,1:33.705,7,Finished
1126,847,131,1,79,2024-05-05,russell,63,RUS,mercedes,miami,19,7,1:33.562,7,Finished
1126,847,131,1,79,2024-05-05,russell,63,RUS,mercedes,miami,20,7,1:33.811,7,Finished
1126,847,131,1,79,2024-05-05,russell,63,RUS,mercedes,miami,21,7,1:33.713,7,Finished
1126,847,131,1,79,2024-05-05,russell,63,RUS,mercedes,miami,22,7,1:33.326,7,Finished
1126,847,131,1,79,2024-05-05,russell,63,RUS,mercedes,miami,23,7,1:48.602,7,Finished
1126,847,131,1,79,2024-05-05,russell,63,RUS,mercedes,miami,24,9,1:38.070,7,Finished
1126,847,131,1,79,2024-05-05,russell,63,RUS,mercedes,miami,25,12,1:47.438,7,Finished
1126,847,131,1,79,2024-05-05,russell,63,RUS,mercedes,miami,26,11,1:32.358,7,Finished
1126,847,131,1,79,2024-05-05,russell,63,RUS,mercedes,miami,27,10,1:32.595,7,Finished
1126,847,131,1,79,2024-05-05,russell,63,RUS,mercedes,miami,28,9,1:49.281,7,Finished
1126,847,131,1,79,2024-05-05,russell,63,RUS,mercedes,miami,29,9,2:07.473,7,Finished
1126,847,131,1,79,2024-05-05,russell,63,RUS,mercedes,miami,30,9,1:59.428,7,Finished
1126,847,131,1,79,2024-05-05,russell,63,RUS,mercedes,miami,31,9,1:46.613,7,Finished
1126,847,131,1,79,2024-05-05,russell,63,RUS,mercedes,miami,32,9,2:16.684,7,Finished
1126,847,131,1,79,2024-05-05,russell,63,RUS,mercedes,miami,33,9,1:34.455,7,Finished
1126,847,131,1,79,2024-05-05,russell,63,RUS,mercedes,miami,34,9,1:32.762,7,Finished
1126,847,131,1,79,2024-05-05,russell,63,RUS,mercedes,miami,35,9,1:32.277,7,Finished
1126,847,131,1,79,2024-05-05,russell,63,RUS,mercedes,miami,36,9,1:32.345,7,Finished
1126,847,131,1,79,2024-05-05,russell,63,RUS,mercedes,miami,37,9,1:32.275,7,Finished
1126,847,131,1,79,2024-05-05,russell,63,RUS,mercedes,miami,38,9,1:32.291,7,Finished
1126,847,131,1,79,2024-05-05,russell,63,RUS,mercedes,miami,39,9,1:32.248,7,Finished
1126,847,131,1,79,2024-05-05,russell,63,RUS,mercedes,miami,40,8,1:32.277,7,Finished
1126,847,131,1,79,2024-05-05,russell,63,RUS,mercedes,miami,41,8,1:32.648,7,Finished
1126,847,131,1,79,2024-05-05,russell,63,RUS,mercedes,miami,42,8,1:32.167,7,Finished
1126,847,131,1,79,2024-05-05,russell,63,RUS,mercedes,miami,43,8,1:31.921,7,Finished
1126,847,131,1,79,2024-05-05,russell,63,RUS,mercedes,miami,44,8,1:33.698,7,Finished
1126,847,131,1,79,2024-05-05,russell,63,RUS,mercedes,miami,45,8,1:32.131,7,Finished
1126,847,131,1,79,2024-05-05,russell,63,RUS,mercedes,miami,46,8,1:32.304,7,Finished
1126,847,131,1,79,2024-05-05,russell,63,RUS,mercedes,miami,47,8,1:32.198,7,Finished
1126,847,131,1,79,2024-05-05,russell,63,RUS,mercedes,miami,48,8,1:32.175,7,Finished
1126,847,131,1,79,2024-05-05,russell,63,RUS,mercedes,miami,49,8,1:32.120,7,Finished
1126,847,131,1,79,2024-05-05,russell,63,RUS,mercedes,miami,50,8,1:32.438,7,Finished
1126,847,131,1,79,2024-05-05,russell,63,RUS,mercedes,miami,51,8,1:32.053,7,Finished
1126,847,131,1,79,2024-05-05,russell,63,RUS,mercedes,miami,52,8,1:32.185,7,Finished
1126,847,131,1,79,2024-05-05,russell,63,RUS,mercedes,miami,53,8,1:33.394,7,Finished
1126,847,131,1,79,2024-05-05,russell,63,RUS,mercedes,miami,54,8,1:32.537,7,Finished
1126,847,131,1,79,2024-05-05,russell,63,RUS,mercedes,miami,55,8,1:32.030,7,Finished
1126,847,131,1,79,2024-05-05,russell,63,RUS,mercedes,miami,56,8,1:32.379,7,Finished
1126,847,131,1,79,2024-05-05,russell,63,RUS,mercedes,miami,57,8,1:32.739,7,Finished
1126,852,215,1,79,2024-05-05,tsunoda,22,TSU,rb,miami,1,9,1:41.055,10,Finished
1126,852,215,1,79,2024-05-05,tsunoda,22,TSU,rb,miami,2,9,1:34.337,10,Finished
1126,852,215,1,79,2024-05-05,tsunoda,22,TSU,rb,miami,3,9,1:34.277,10,Finished
1126,852,215,1,79,2024-05-05,tsunoda,22,TSU,rb,miami,4,9,1:33.892,10,Finished
1126,852,215,1,79,2024-05-05,tsunoda,22,TSU,rb,miami,5,10,1:35.267,10,Finished
1126,852,215,1,79,2024-05-05,tsunoda,22,TSU,rb,miami,6,10,1:33.902,10,Finished
1126,852,215,1,79,2024-05-05,tsunoda,22,TSU,rb,miami,7,10,1:33.682,10,Finished
1126,852,215,1,79,2024-05-05,tsunoda,22,TSU,rb,miami,8,10,1:34.022,10,Finished
1126,852,215,1,79,2024-05-05,tsunoda,22,TSU,rb,miami,9,10,1:34.117,10,Finished
1126,852,215,1,79,2024-05-05,tsunoda,22,TSU,rb,miami,10,10,1:34.916,10,Finished
1126,852,215,1,79,2024-05-05,tsunoda,22,TSU,rb,miami,11,10,1:34.816,10,Finished
1126,852,215,1,79,2024-05-05,tsunoda,22,TSU,rb,miami,12,9,1:34.631,10,Finished
1126,852,215,1,79,2024-05-05,tsunoda,22,TSU,rb,miami,13,9,1:34.689,10,Finished
1126,852,215,1,79,2024-05-05,tsunoda,22,TSU,rb,miami,14,9,1:33.975,10,Finished
1126,852,215,1,79,2024-05-05,tsunoda,22,TSU,rb,miami,15,9,1:33.337,10,Finished
1126,852,215,1,79,2024-05-05,tsunoda,22,TSU,rb,miami,16,9,1:33.683,10,Finished
1126,852,215,1,79,2024-05-05,tsunoda,22,TSU,rb,miami,17,9,1:33.936,10,Finished
1126,852,215,1,79,2024-05-05,tsunoda,22,TSU,rb,miami,18,8,1:33.745,10,Finished
1126,852,215,1,79,2024-05-05,tsunoda,22,TSU,rb,miami,19,8,1:33.382,10,Finished
1126,852,215,1,79,2024-05-05,tsunoda,22,TSU,rb,miami,20,8,1:33.447,10,Finished
1126,852,215,1,79,2024-05-05,tsunoda,22,TSU,rb,miami,21,8,1:33.711,10,Finished
1126,852,215,1,79,2024-05-05,tsunoda,22,TSU,rb,miami,22,8,1:33.715,10,Finished
1126,852,215,1,79,2024-05-05,tsunoda,22,TSU,rb,miami,23,8,1:47.822,10,Finished
1126,852,215,1,79,2024-05-05,tsunoda,22,TSU,rb,miami,24,8,1:34.405,10,Finished
1126,852,215,1,79,2024-05-05,tsunoda,22,TSU,rb,miami,25,8,1:33.277,10,Finished
1126,852,215,1,79,2024-05-05,tsunoda,22,TSU,rb,miami,26,8,1:33.080,10,Finished
1126,852,215,1,79,2024-05-05,tsunoda,22,TSU,rb,miami,27,7,1:33.109,10,Finished
1126,852,215,1,79,2024-05-05,tsunoda,22,TSU,rb,miami,28,7,1:47.670,10,Finished
1126,852,215,1,79,2024-05-05,tsunoda,22,TSU,rb,miami,29,7,2:18.203,10,Finished
1126,852,215,1,79,2024-05-05,tsunoda,22,TSU,rb,miami,30,7,2:01.366,10,Finished
1126,852,215,1,79,2024-05-05,tsunoda,22,TSU,rb,miami,31,7,1:42.763,10,Finished
1126,852,215,1,79,2024-05-05,tsunoda,22,TSU,rb,miami,32,7,2:23.555,10,Finished
1126,852,215,1,79,2024-05-05,tsunoda,22,TSU,rb,miami,33,7,1:34.127,10,Finished
1126,852,215,1,79,2024-05-05,tsunoda,22,TSU,rb,miami,34,8,1:33.232,10,Finished
1126,852,215,1,79,2024-05-05,tsunoda,22,TSU,rb,miami,35,8,1:32.318,10,Finished
1126,852,215,1,79,2024-05-05,tsunoda,22,TSU,rb,miami,36,8,1:32.388,10,Finished
1126,852,215,1,79,2024-05-05,tsunoda,22,TSU,rb,miami,37,8,1:31.906,10,Finished
1126,852,215,1,79,2024-05-05,tsunoda,22,TSU,rb,miami,38,8,1:31.724,10,Finished
1126,852,215,1,79,2024-05-05,tsunoda,22,TSU,rb,miami,39,8,1:32.204,10,Finished
1126,852,215,1,79,2024-05-05,tsunoda,22,TSU,rb,miami,40,7,1:32.798,10,Finished
1126,852,215,1,79,2024-05-05,tsunoda,22,TSU,rb,miami,41,7,1:32.177,10,Finished
1126,852,215,1,79,2024-05-05,tsunoda,22,TSU,rb,miami,42,7,1:31.943,10,Finished
1126,852,215,1,79,2024-05-05,tsunoda,22,TSU,rb,miami,43,7,1:31.909,10,Finished
1126,852,215,1,79,2024-05-05,tsunoda,22,TSU,rb,miami,44,7,1:31.915,10,Finished
1126,852,215,1,79,2024-05-05,tsunoda,22,TSU,rb,miami,45,7,1:32.077,10,Finished
1126,852,215,1,79,2024-05-05,tsunoda,22,TSU,rb,miami,46,7,1:32.025,10,Finished
1126,852,215,1,79,2024-05-05,tsunoda,22,TSU,rb,miami,47,7,1:32.006,10,Finished
1126,852,215,1,79,2024-05-05,tsunoda,22,TSU,rb,miami,48,7,1:32.010,10,Finished
1126,852,215,1,79,2024-05-05,tsunoda,22,TSU,rb,miami,49,7,1:32.164,10,Finished
1126,852,215,1,79,2024-05-05,tsunoda,22,TSU,rb,miami,50,7,1:31.952,10,Finished
1126,852,215,1,79,2024-05-05,tsunoda,22,TSU,rb,miami,51,7,1:32.070,10,Finished
1126,852,215,1,79,2024-05-05,tsunoda,22,TSU,rb,miami,52,7,1:32.023,10,Finished
1126,852,215,1,79,2024-05-05,tsunoda,22,TSU,rb,miami,53,7,1:31.955,10,Finished
1126,852,215,1,79,2024-05-05,tsunoda,22,TSU,rb,miami,54,7,1:31.893,10,Finished
1126,852,215,1,79,2024-05-05,tsunoda,22,TSU,rb,miami,55,7,1:31.682,10,Finished
1126,852,215,1,79,2024-05-05,tsunoda,22,TSU,rb,miami,56,7,1:31.822,10,Finished
1126,852,215,1,79,2024-05-05,tsunoda,22,TSU,rb,miami,57,7,1:31.957,10,Finished
1126,817,215,1,79,2024-05-05,ricciardo,3,RIC,rb,miami,1,20,1:46.666,18,Finished
1126,817,215,1,79,2024-05-05,ricciardo,3,RIC,rb,miami,2,20,1:35.593,18,Finished
1126,817,215,1,79,2024-05-05,ricciardo,3,RIC,rb,miami,3,20,1:35.732,18,Finished
1126,817,215,1,79,2024-05-05,ricciardo,3,RIC,rb,miami,4,20,1:34.907,18,Finished
1126,817,215,1,79,2024-05-05,ricciardo,3,RIC,rb,miami,5,20,1:34.201,18,Finished
1126,817,215,1,79,2024-05-05,ricciardo,3,RIC,rb,miami,6,20,1:33.982,18,Finished
1126,817,215,1,79,2024-05-05,ricciardo,3,RIC,rb,miami,7,20,1:34.345,18,Finished
1126,817,215,1,79,2024-05-05,ricciardo,3,RIC,rb,miami,8,20,1:34.892,18,Finished
1126,817,215,1,79,2024-05-05,ricciardo,3,RIC,rb,miami,9,20,1:34.655,18,Finished
1126,817,215,1,79,2024-05-05,ricciardo,3,RIC,rb,miami,10,20,1:35.293,18,Finished
1126,817,215,1,79,2024-05-05,ricciardo,3,RIC,rb,miami,11,18,1:34.931,18,Finished
1126,817,215,1,79,2024-05-05,ricciardo,3,RIC,rb,miami,12,16,1:34.558,18,Finished
1126,817,215,1,79,2024-05-05,ricciardo,3,RIC,rb,miami,13,14,1:34.405,18,Finished
1126,817,215,1,79,2024-05-05,ricciardo,3,RIC,rb,miami,14,14,1:34.311,18,Finished
1126,817,215,1,79,2024-05-05,ricciardo,3,RIC,rb,miami,15,14,1:34.018,18,Finished
1126,817,215,1,79,2024-05-05,ricciardo,3,RIC,rb,miami,16,14,1:34.268,18,Finished
1126,817,215,1,79,2024-05-05,ricciardo,3,RIC,rb,miami,17,14,1:34.033,18,Finished
1126,817,215,1,79,2024-05-05,ricciardo,3,RIC,rb,miami,18,14,1:34.234,18,Finished
1126,817,215,1,79,2024-05-05,ricciardo,3,RIC,rb,miami,19,14,1:33.901,18,Finished
1126,817,215,1,79,2024-05-05,ricciardo,3,RIC,rb,miami,20,14,1:33.980,18,Finished
1126,817,215,1,79,2024-05-05,ricciardo,3,RIC,rb,miami,21,14,1:34.071,18,Finished
1126,817,215,1,79,2024-05-05,ricciardo,3,RIC,rb,miami,22,13,1:41.546,18,Finished
1126,817,215,1,79,2024-05-05,ricciardo,3,RIC,rb,miami,23,11,1:40.199,18,Finished
1126,817,215,1,79,2024-05-05,ricciardo,3,RIC,rb,miami,24,11,1:33.488,18,Finished
1126,817,215,1,79,2024-05-05,ricciardo,3,RIC,rb,miami,25,10,1:33.435,18,Finished
1126,817,215,1,79,2024-05-05,ricciardo,3,RIC,rb,miami,26,10,1:33.215,18,Finished
1126,817,215,1,79,2024-05-05,ricciardo,3,RIC,rb,miami,27,11,1:35.172,18,Finished
1126,817,215,1,79,2024-05-05,ricciardo,3,RIC,rb,miami,28,13,1:53.429,18,Finished
1126,817,215,1,79,2024-05-05,ricciardo,3,RIC,rb,miami,29,15,2:17.564,18,Finished
1126,817,215,1,79,2024-05-05,ricciardo,3,RIC,rb,miami,30,15,1:54.430,18,Finished
1126,817,215,1,79,2024-05-05,ricciardo,3,RIC,rb,miami,31,15,1:51.522,18,Finished
1126,817,215,1,79,2024-05-05,ricciardo,3,RIC,rb,miami,32,15,2:05.311,18,Finished
1126,817,215,1,79,2024-05-05,ricciardo,3,RIC,rb,miami,33,15,1:34.031,18,Finished
1126,817,215,1,79,2024-05-05,ricciardo,3,RIC,rb,miami,34,16,1:33.890,18,Finished
1126,817,215,1,79,2024-05-05,ricciardo,3,RIC,rb,miami,35,16,1:32.985,18,Finished
1126,817,215,1,79,2024-05-05,ricciardo,3,RIC,rb,miami,36,16,1:33.250,18,Finished
1126,817,215,1,79,2024-05-05,ricciardo,3,RIC,rb,miami,37,16,1:33.084,18,Finished
1126,817,215,1,79,2024-05-05,ricciardo,3,RIC,rb,miami,38,16,1:32.881,18,Finished
1126,817,215,1,79,2024-05-05,ricciardo,3,RIC,rb,miami,39,16,1:33.136,18,Finished
1126,817,215,1,79,2024-05-05,ricciardo,3,RIC,rb,miami,40,16,1:33.462,18,Finished
1126,817,215,1,79,2024-05-05,ricciardo,3,RIC,rb,miami,41,15,1:32.854,18,Finished
1126,817,215,1,79,2024-05-05,ricciardo,3,RIC,rb,miami,42,15,1:32.680,18,Finished
1126,817,215,1,79,2024-05-05,ricciardo,3,RIC,rb,miami,43,15,1:32.769,18,Finished
1126,817,215,1,79,2024-05-05,ricciardo,3,RIC,rb,miami,44,15,1:32.957,18,Finished
1126,817,215,1,79,2024-05-05,ricciardo,3,RIC,rb,miami,45,16,1:34.020,18,Finished
1126,817,215,1,79,2024-05-05,ricciardo,3,RIC,rb,miami,46,16,1:32.845,18,Finished
1126,817,215,1,79,2024-05-05,ricciardo,3,RIC,rb,miami,47,16,1:32.567,18,Finished
1126,817,215,1,79,2024-05-05,ricciardo,3,RIC,rb,miami,48,16,1:33.013,18,Finished
1126,817,215,1,79,2024-05-05,ricciardo,3,RIC,rb,miami,49,16,1:32.720,18,Finished
1126,817,215,1,79,2024-05-05,ricciardo,3,RIC,rb,miami,50,16,1:33.033,18,Finished
1126,817,215,1,79,2024-05-05,ricciardo,3,RIC,rb,miami,51,16,1:32.486,18,Finished
1126,817,215,1,79,2024-05-05,ricciardo,3,RIC,rb,miami,52,16,1:33.717,18,Finished
1126,817,215,1,79,2024-05-05,ricciardo,3,RIC,rb,miami,53,15,1:32.695,18,Finished
1126,817,215,1,79,2024-05-05,ricciardo,3,RIC,rb,miami,54,16,1:32.735,18,Finished
1126,817,215,1,79,2024-05-05,ricciardo,3,RIC,rb,miami,55,16,1:32.199,18,Finished
1126,817,215,1,79,2024-05-05,ricciardo,3,RIC,rb,miami,56,16,1:32.414,18,Finished
1126,817,215,1,79,2024-05-05,ricciardo,3,RIC,rb,miami,57,16,1:32.122,18,Finished
1126,4,117,1,79,2024-05-05,alonso,14,ALO,aston_martin,miami,1,12,1:43.024,15,Finished
1126,4,117,1,79,2024-05-05,alonso,14,ALO,aston_martin,miami,2,13,1:35.579,15,Finished
1126,4,117,1,79,2024-05-05,alonso,14,ALO,aston_martin,miami,3,13,1:34.003,15,Finished
1126,4,117,1,79,2024-05-05,alonso,14,ALO,aston_martin,miami,4,13,1:34.022,15,Finished
1126,4,117,1,79,2024-05-05,alonso,14,ALO,aston_martin,miami,5,13,1:34.018,15,Finished
1126,4,117,1,79,2024-05-05,alonso,14,ALO,aston_martin,miami,6,13,1:34.060,15,Finished
1126,4,117,1,79,2024-05-05,alonso,14,ALO,aston_martin,miami,7,13,1:34.605,15,Finished
1126,4,117,1,79,2024-05-05,alonso,14,ALO,aston_martin,miami,8,13,1:33.751,15,Finished
1126,4,117,1,79,2024-05-05,alonso,14,ALO,aston_martin,miami,9,13,1:34.006,15,Finished
1126,4,117,1,79,2024-05-05,alonso,14,ALO,aston_martin,miami,10,13,1:34.619,15,Finished
1126,4,117,1,79,2024-05-05,alonso,14,ALO,aston_martin,miami,11,12,1:35.199,15,Finished
1126,4,117,1,79,2024-05-05,alonso,14,ALO,aston_martin,miami,12,11,1:35.193,15,Finished
1126,4,117,1,79,2024-05-05,alonso,14,ALO,aston_martin,miami,13,11,1:34.657,15,Finished
1126,4,117,1,79,2024-05-05,alonso,14,ALO,aston_martin,miami,14,11,1:34.618,15,Finished
1126,4,117,1,79,2024-05-05,alonso,14,ALO,aston_martin,miami,15,11,1:34.350,15,Finished
1126,4,117,1,79,2024-05-05,alonso,14,ALO,aston_martin,miami,16,11,1:34.208,15,Finished
1126,4,117,1,79,2024-05-05,alonso,14,ALO,aston_martin,miami,17,11,1:34.260,15,Finished
1126,4,117,1,79,2024-05-05,alonso,14,ALO,aston_martin,miami,18,11,1:34.157,15,Finished
1126,4,117,1,79,2024-05-05,alonso,14,ALO,aston_martin,miami,19,11,1:34.049,15,Finished
1126,4,117,1,79,2024-05-05,alonso,14,ALO,aston_martin,miami,20,11,1:34.230,15,Finished
1126,4,117,1,79,2024-05-05,alonso,14,ALO,aston_martin,miami,21,11,1:34.258,15,Finished
1126,4,117,1,79,2024-05-05,alonso,14,ALO,aston_martin,miami,22,12,1:42.401,15,Finished
1126,4,117,1,79,2024-05-05,alonso,14,ALO,aston_martin,miami,23,14,1:49.315,15,Finished
1126,4,117,1,79,2024-05-05,alonso,14,ALO,aston_martin,miami,24,14,1:33.447,15,Finished
1126,4,117,1,79,2024-05-05,alonso,14,ALO,aston_martin,miami,25,13,1:33.648,15,Finished
1126,4,117,1,79,2024-05-05,alonso,14,ALO,aston_martin,miami,26,13,1:33.462,15,Finished
1126,4,117,1,79,2024-05-05,alonso,14,ALO,aston_martin,miami,27,13,1:33.183,15,Finished
1126,4,117,1,79,2024-05-05,alonso,14,ALO,aston_martin,miami,28,12,1:50.113,15,Finished
1126,4,117,1,79,2024-05-05,alonso,14,ALO,aston_martin,miami,29,11,2:08.086,15,Finished
1126,4,117,1,79,2024-05-05,alonso,14,ALO,aston_martin,miami,30,11,1:58.134,15,Finished
1126,4,117,1,79,2024-05-05,alonso,14,ALO,aston_martin,miami,31,11,1:49.088,15,Finished
1126,4,117,1,79,2024-05-05,alonso,14,ALO,aston_martin,miami,32,11,2:11.634,15,Finished
1126,4,117,1,79,2024-05-05,alonso,14,ALO,aston_martin,miami,33,11,1:34.900,15,Finished
1126,4,117,1,79,2024-05-05,alonso,14,ALO,aston_martin,miami,34,11,1:33.068,15,Finished
1126,4,117,1,79,2024-05-05,alonso,14,ALO,aston_martin,miami,35,11,1:32.671,15,Finished
1126,4,117,1,79,2024-05-05,alonso,14,ALO,aston_martin,miami,36,11,1:32.311,15,Finished
1126,4,117,1,79,2024-05-05,alonso,14,ALO,aston_martin,miami,37,11,1:32.406,15,Finished
1126,4,117,1,79,2024-05-05,alonso,14,ALO,aston_martin,miami,38,11,1:32.221,15,Finished
1126,4,117,1,79,2024-05-05,alonso,14,ALO,aston_martin,miami,39,11,1:32.660,15,Finished
1126,4,117,1,79,2024-05-05,alonso,14,ALO,aston_martin,miami,40,10,1:32.482,15,Finished
1126,4,117,1,79,2024-05-05,alonso,14,ALO,aston_martin,miami,41,10,1:32.867,15,Finished
1126,4,117,1,79,2024-05-05,alonso,14,ALO,aston_martin,miami,42,10,1:32.180,15,Finished
1126,4,117,1,79,2024-05-05,alonso,14,ALO,aston_martin,miami,43,10,1:32.229,15,Finished
1126,4,117,1,79,2024-05-05,alonso,14,ALO,aston_martin,miami,44,10,1:32.264,15,Finished
1126,4,117,1,79,2024-05-05,alonso,14,ALO,aston_martin,miami,45,10,1:33.052,15,Finished
1126,4,117,1,79,2024-05-05,alonso,14,ALO,aston_martin,miami,46,10,1:33.592,15,Finished
1126,4,117,1,79,2024-05-05,alonso,14,ALO,aston_martin,miami,47,10,1:33.120,15,Finished
1126,4,117,1,79,2024-05-05,alonso,14,ALO,aston_martin,miami,48,9,1:33.044,15,Finished
1126,4,117,1,79,2024-05-05,alonso,14,ALO,aston_martin,miami,49,9,1:32.303,15,Finished
1126,4,117,1,79,2024-05-05,alonso,14,ALO,aston_martin,miami,50,9,1:32.070,15,Finished
1126,4,117,1,79,2024-05-05,alonso,14,ALO,aston_martin,miami,51,9,1:31.997,15,Finished
1126,4,117,1,79,2024-05-05,alonso,14,ALO,aston_martin,miami,52,9,1:31.885,15,Finished
1126,4,117,1,79,2024-05-05,alonso,14,ALO,aston_martin,miami,53,9,1:32.157,15,Finished
1126,4,117,1,79,2024-05-05,alonso,14,ALO,aston_martin,miami,54,9,1:31.733,15,Finished
1126,4,117,1,79,2024-05-05,alonso,14,ALO,aston_martin,miami,55,9,1:31.727,15,Finished
1126,4,117,1,79,2024-05-05,alonso,14,ALO,aston_martin,miami,56,9,1:32.131,15,Finished
1126,4,117,1,79,2024-05-05,alonso,14,ALO,aston_martin,miami,57,9,1:32.536,15,Finished
1126,840,117,1,79,2024-05-05,stroll,18,STR,aston_martin,miami,1,11,1:42.004,11,Finished
1126,840,117,1,79,2024-05-05,stroll,18,STR,aston_martin,miami,2,11,1:34.526,11,Finished
1126,840,117,1,79,2024-05-05,stroll,18,STR,aston_martin,miami,3,11,1:34.214,11,Finished
1126,840,117,1,79,2024-05-05,stroll,18,STR,aston_martin,miami,4,11,1:34.066,11,Finished
1126,840,117,1,79,2024-05-05,stroll,18,STR,aston_martin,miami,5,11,1:34.506,11,Finished
1126,840,117,1,79,2024-05-05,stroll,18,STR,aston_martin,miami,6,11,1:33.917,11,Finished
1126,840,117,1,79,2024-05-05,stroll,18,STR,aston_martin,miami,7,11,1:34.064,11,Finished
1126,840,117,1,79,2024-05-05,stroll,18,STR,aston_martin,miami,8,11,1:33.768,11,Finished
1126,840,117,1,79,2024-05-05,stroll,18,STR,aston_martin,miami,9,11,1:34.100,11,Finished
1126,840,117,1,79,2024-05-05,stroll,18,STR,aston_martin,miami,10,11,1:34.518,11,Finished
1126,840,117,1,79,2024-05-05,stroll,18,STR,aston_martin,miami,11,14,1:40.203,11,Finished
1126,840,117,1,79,2024-05-05,stroll,18,STR,aston_martin,miami,12,17,1:50.133,11,Finished
1126,840,117,1,79,2024-05-05,stroll,18,STR,aston_martin,miami,13,17,1:33.936,11,Finished
1126,840,117,1,79,2024-05-05,stroll,18,STR,aston_martin,miami,14,17,1:33.362,11,Finished
1126,840,117,1,79,2024-05-05,stroll,18,STR,aston_martin,miami,15,17,1:33.479,11,Finished
1126,840,117,1,79,2024-05-05,stroll,18,STR,aston_martin,miami,16,17,1:33.858,11,Finished
1126,840,117,1,79,2024-05-05,stroll,18,STR,aston_martin,miami,17,17,1:33.473,11,Finished
1126,840,117,1,79,2024-05-05,stroll,18,STR,aston_martin,miami,18,17,1:33.861,11,Finished
1126,840,117,1,79,2024-05-05,stroll,18,STR,aston_martin,miami,19,17,1:33.635,11,Finished
1126,840,117,1,79,2024-05-05,stroll,18,STR,aston_martin,miami,20,17,1:33.816,11,Finished
1126,840,117,1,79,2024-05-05,stroll,18,STR,aston_martin,miami,21,17,1:33.727,11,Finished
1126,840,117,1,79,2024-05-05,stroll,18,STR,aston_martin,miami,22,17,1:42.867,11,Finished
1126,840,117,1,79,2024-05-05,stroll,18,STR,aston_martin,miami,23,16,1:39.557,11,Finished
1126,840,117,1,79,2024-05-05,stroll,18,STR,aston_martin,miami,24,16,1:33.838,11,Finished
1126,840,117,1,79,2024-05-05,stroll,18,STR,aston_martin,miami,25,16,1:33.711,11,Finished
1126,840,117,1,79,2024-05-05,stroll,18,STR,aston_martin,miami,26,16,1:33.698,11,Finished
1126,840,117,1,79,2024-05-05,stroll,18,STR,aston_martin,miami,27,16,1:33.861,11,Finished
1126,840,117,1,79,2024-05-05,stroll,18,STR,aston_martin,miami,28,17,1:56.594,11,Finished
1126,840,117,1,79,2024-05-05,stroll,18,STR,aston_martin,miami,29,17,2:17.277,11,Finished
1126,840,117,1,79,2024-05-05,stroll,18,STR,aston_martin,miami,30,17,1:47.776,11,Finished
1126,840,117,1,79,2024-05-05,stroll,18,STR,aston_martin,miami,31,17,1:51.157,11,Finished
1126,840,117,1,79,2024-05-05,stroll,18,STR,aston_martin,miami,32,17,2:04.501,11,Finished
1126,840,117,1,79,2024-05-05,stroll,18,STR,aston_martin,miami,33,17,1:33.033,11,Finished
1126,840,117,1,79,2024-05-05,stroll,18,STR,aston_martin,miami,34,17,1:33.559,11,Finished
1126,840,117,1,79,2024-05-05,stroll,18,STR,aston_martin,miami,35,17,1:32.950,11,Finished
1126,840,117,1,79,2024-05-05,stroll,18,STR,aston_martin,miami,36,17,1:33.354,11,Finished
1126,840,117,1,79,2024-05-05,stroll,18,STR,aston_martin,miami,37,17,1:33.145,11,Finished
1126,840,117,1,79,2024-05-05,stroll,18,STR,aston_martin,miami,38,17,1:32.789,11,Finished
1126,840,117,1,79,2024-05-05,stroll,18,STR,aston_martin,miami,39,17,1:32.919,11,Finished
1126,840,117,1,79,2024-05-05,stroll,18,STR,aston_martin,miami,40,17,1:34.389,11,Finished
1126,840,117,1,79,2024-05-05,stroll,18,STR,aston_martin,miami,41,16,1:32.160,11,Finished
1126,840,117,1,79,2024-05-05,stroll,18,STR,aston_martin,miami,42,16,1:32.584,11,Finished
1126,840,117,1,79,2024-05-05,stroll,18,STR,aston_martin,miami,43,16,1:32.958,11,Finished
1126,840,117,1,79,2024-05-05,stroll,18,STR,aston_martin,miami,44,16,1:32.524,11,Finished
1126,840,117,1,79,2024-05-05,stroll,18,STR,aston_martin,miami,45,15,1:32.836,11,Finished
1126,840,117,1,79,2024-05-05,stroll,18,STR,aston_martin,miami,46,15,1:32.451,11,Finished
1126,840,117,1,79,2024-05-05,stroll,18,STR,aston_martin,miami,47,15,1:32.442,11,Finished
1126,840,117,1,79,2024-05-05,stroll,18,STR,aston_martin,miami,48,14,1:32.935,11,Finished
1126,840,117,1,79,2024-05-05,stroll,18,STR,aston_martin,miami,49,14,1:32.342,11,Finished
1126,840,117,1,79,2024-05-05,stroll,18,STR,aston_martin,miami,50,14,1:31.991,11,Finished
1126,840,117,1,79,2024-05-05,stroll,18,STR,aston_martin,miami,51,14,1:33.951,11,Finished
1126,840,117,1,79,2024-05-05,stroll,18,STR,aston_martin,miami,52,13,1:33.206,11,Finished
1126,840,117,1,79,2024-05-05,stroll,18,STR,aston_martin,miami,53,13,1:31.973,11,Finished
1126,840,117,1,79,2024-05-05,stroll,18,STR,aston_martin,miami,54,13,1:31.742,11,Finished
1126,840,117,1,79,2024-05-05,stroll,18,STR,aston_martin,miami,55,13,1:31.632,11,Finished
1126,840,117,1,79,2024-05-05,stroll,18,STR,aston_martin,miami,56,13,1:31.593,11,Finished
1126,840,117,1,79,2024-05-05,stroll,18,STR,aston_martin,miami,57,13,1:31.588,11,Finished
1126,839,214,1,79,2024-05-05,ocon,31,OCO,alpine,miami,1,14,1:43.733,13,Finished
1126,839,214,1,79,2024-05-05,ocon,31,OCO,alpine,miami,2,15,1:35.438,13,Finished
1126,839,214,1,79,2024-05-05,ocon,31,OCO,alpine,miami,3,15,1:34.667,13,Finished
1126,839,214,1,79,2024-05-05,ocon,31,OCO,alpine,miami,4,15,1:34.013,13,Finished
1126,839,214,1,79,2024-05-05,ocon,31,OCO,alpine,miami,5,15,1:33.908,13,Finished
1126,839,214,1,79,2024-05-05,ocon,31,OCO,alpine,miami,6,15,1:34.440,13,Finished
1126,839,214,1,79,2024-05-05,ocon,31,OCO,alpine,miami,7,15,1:34.127,13,Finished
1126,839,214,1,79,2024-05-05,ocon,31,OCO,alpine,miami,8,15,1:34.490,13,Finished
1126,839,214,1,79,2024-05-05,ocon,31,OCO,alpine,miami,9,15,1:34.119,13,Finished
1126,839,214,1,79,2024-05-05,ocon,31,OCO,alpine,miami,10,14,1:34.356,13,Finished
1126,839,214,1,79,2024-05-05,ocon,31,OCO,alpine,miami,11,13,1:34.486,13,Finished
1126,839,214,1,79,2024-05-05,ocon,31,OCO,alpine,miami,12,10,1:33.984,13,Finished
1126,839,214,1,79,2024-05-05,ocon,31,OCO,alpine,miami,13,10,1:34.094,13,Finished
1126,839,214,1,79,2024-05-05,ocon,31,OCO,alpine,miami,14,10,1:34.067,13,Finished
1126,839,214,1,79,2024-05-05,ocon,31,OCO,alpine,miami,15,10,1:33.585,13,Finished
1126,839,214,1,79,2024-05-05,ocon,31,OCO,alpine,miami,16,10,1:33.545,13,Finished
1126,839,214,1,79,2024-05-05,ocon,31,OCO,alpine,miami,17,10,1:33.997,13,Finished
1126,839,214,1,79,2024-05-05,ocon,31,OCO,alpine,miami,18,9,1:33.890,13,Finished
1126,839,214,1,79,2024-05-05,ocon,31,OCO,alpine,miami,19,10,1:34.736,13,Finished
1126,839,214,1,79,2024-05-05,ocon,31,OCO,alpine,miami,20,10,1:34.069,13,Finished
1126,839,214,1,79,2024-05-05,ocon,31,OCO,alpine,miami,21,10,1:33.867,13,Finished
1126,839,214,1,79,2024-05-05,ocon,31,OCO,alpine,miami,22,10,1:42.357,13,Finished
1126,839,214,1,79,2024-05-05,ocon,31,OCO,alpine,miami,23,13,1:51.928,13,Finished
1126,839,214,1,79,2024-05-05,ocon,31,OCO,alpine,miami,24,12,1:33.041,13,Finished
1126,839,214,1,79,2024-05-05,ocon,31,OCO,alpine,miami,25,11,1:32.918,13,Finished
1126,839,214,1,79,2024-05-05,ocon,31,OCO,alpine,miami,26,12,1:34.048,13,Finished
1126,839,214,1,79,2024-05-05,ocon,31,OCO,alpine,miami,27,12,1:33.170,13,Finished
1126,839,214,1,79,2024-05-05,ocon,31,OCO,alpine,miami,28,11,1:49.908,13,Finished
1126,839,214,1,79,2024-05-05,ocon,31,OCO,alpine,miami,29,10,2:06.579,13,Finished
1126,839,214,1,79,2024-05-05,ocon,31,OCO,alpine,miami,30,10,1:58.798,13,Finished
1126,839,214,1,79,2024-05-05,ocon,31,OCO,alpine,miami,31,10,1:47.287,13,Finished
1126,839,214,1,79,2024-05-05,ocon,31,OCO,alpine,miami,32,10,2:15.401,13,Finished
1126,839,214,1,79,2024-05-05,ocon,31,OCO,alpine,miami,33,10,1:34.811,13,Finished
1126,839,214,1,79,2024-05-05,ocon,31,OCO,alpine,miami,34,10,1:32.734,13,Finished
1126,839,214,1,79,2024-05-05,ocon,31,OCO,alpine,miami,35,10,1:32.445,13,Finished
1126,839,214,1,79,2024-05-05,ocon,31,OCO,alpine,miami,36,10,1:32.348,13,Finished
1126,839,214,1,79,2024-05-05,ocon,31,OCO,alpine,miami,37,10,1:32.610,13,Finished
1126,839,214,1,79,2024-05-05,ocon,31,OCO,alpine,miami,38,10,1:32.392,13,Finished
1126,839,214,1,79,2024-05-05,ocon,31,OCO,alpine,miami,39,10,1:32.521,13,Finished
1126,839,214,1,79,2024-05-05,ocon,31,OCO,alpine,miami,40,9,1:32.581,13,Finished
1126,839,214,1,79,2024-05-05,ocon,31,OCO,alpine,miami,41,9,1:32.575,13,Finished
1126,839,214,1,79,2024-05-05,ocon,31,OCO,alpine,miami,42,9,1:32.311,13,Finished
1126,839,214,1,79,2024-05-05,ocon,31,OCO,alpine,miami,43,9,1:32.280,13,Finished
1126,839,214,1,79,2024-05-05,ocon,31,OCO,alpine,miami,44,9,1:32.483,13,Finished
1126,839,214,1,79,2024-05-05,ocon,31,OCO,alpine,miami,45,9,1:33.348,13,Finished
1126,839,214,1,79,2024-05-05,ocon,31,OCO,alpine,miami,46,9,1:33.497,13,Finished
1126,839,214,1,79,2024-05-05,ocon,31,OCO,alpine,miami,47,9,1:33.316,13,Finished
1126,839,214,1,79,2024-05-05,ocon,31,OCO,alpine,miami,48,10,1:33.946,13,Finished
1126,839,214,1,79,2024-05-05,ocon,31,OCO,alpine,miami,49,10,1:32.831,13,Finished
1126,839,214,1,79,2024-05-05,ocon,31,OCO,alpine,miami,50,10,1:32.185,13,Finished
1126,839,214,1,79,2024-05-05,ocon,31,OCO,alpine,miami,51,10,1:32.037,13,Finished
1126,839,214,1,79,2024-05-05,ocon,31,OCO,alpine,miami,52,10,1:32.104,13,Finished
1126,839,214,1,79,2024-05-05,ocon,31,OCO,alpine,miami,53,10,1:32.205,13,Finished
1126,839,214,1,79,2024-05-05,ocon,31,OCO,alpine,miami,54,10,1:32.267,13,Finished
1126,839,214,1,79,2024-05-05,ocon,31,OCO,alpine,miami,55,10,1:32.146,13,Finished
1126,839,214,1,79,2024-05-05,ocon,31,OCO,alpine,miami,56,10,1:32.136,13,Finished
1126,839,214,1,79,2024-05-05,ocon,31,OCO,alpine,miami,57,10,1:32.467,13,Finished
1126,842,214,1,79,2024-05-05,gasly,10,GAS,alpine,miami,1,13,1:43.357,12,Finished
1126,842,214,1,79,2024-05-05,gasly,10,GAS,alpine,miami,2,12,1:34.498,12,Finished
1126,842,214,1,79,2024-05-05,gasly,10,GAS,alpine,miami,3,12,1:33.789,12,Finished
1126,842,214,1,79,2024-05-05,gasly,10,GAS,alpine,miami,4,12,1:34.155,12,Finished
1126,842,214,1,79,2024-05-05,gasly,10,GAS,alpine,miami,5,12,1:34.190,12,Finished
1126,842,214,1,79,2024-05-05,gasly,10,GAS,alpine,miami,6,12,1:34.004,12,Finished
1126,842,214,1,79,2024-05-05,gasly,10,GAS,alpine,miami,7,12,1:34.291,12,Finished
1126,842,214,1,79,2024-05-05,gasly,10,GAS,alpine,miami,8,12,1:33.804,12,Finished
1126,842,214,1,79,2024-05-05,gasly,10,GAS,alpine,miami,9,12,1:33.953,12,Finished
1126,842,214,1,79,2024-05-05,gasly,10,GAS,alpine,miami,10,12,1:34.731,12,Finished
1126,842,214,1,79,2024-05-05,gasly,10,GAS,alpine,miami,11,11,1:34.743,12,Finished
1126,842,214,1,79,2024-05-05,gasly,10,GAS,alpine,miami,12,14,1:39.216,12,Finished
1126,842,214,1,79,2024-05-05,gasly,10,GAS,alpine,miami,13,16,1:48.014,12,Finished
1126,842,214,1,79,2024-05-05,gasly,10,GAS,alpine,miami,14,16,1:33.375,12,Finished
1126,842,214,1,79,2024-05-05,gasly,10,GAS,alpine,miami,15,16,1:32.994,12,Finished
1126,842,214,1,79,2024-05-05,gasly,10,GAS,alpine,miami,16,16,1:33.554,12,Finished
1126,842,214,1,79,2024-05-05,gasly,10,GAS,alpine,miami,17,16,1:33.530,12,Finished
1126,842,214,1,79,2024-05-05,gasly,10,GAS,alpine,miami,18,16,1:33.807,12,Finished
1126,842,214,1,79,2024-05-05,gasly,10,GAS,alpine,miami,19,16,1:33.174,12,Finished
1126,842,214,1,79,2024-05-05,gasly,10,GAS,alpine,miami,20,16,1:33.639,12,Finished
1126,842,214,1,79,2024-05-05,gasly,10,GAS,alpine,miami,21,16,1:33.691,12,Finished
1126,842,214,1,79,2024-05-05,gasly,10,GAS,alpine,miami,22,16,1:41.221,12,Finished
1126,842,214,1,79,2024-05-05,gasly,10,GAS,alpine,miami,23,15,1:41.202,12,Finished
1126,842,214,1,79,2024-05-05,gasly,10,GAS,alpine,miami,24,15,1:33.983,12,Finished
1126,842,214,1,79,2024-05-05,gasly,10,GAS,alpine,miami,25,15,1:33.969,12,Finished
1126,842,214,1,79,2024-05-05,gasly,10,GAS,alpine,miami,26,15,1:34.440,12,Finished
1126,842,214,1,79,2024-05-05,gasly,10,GAS,alpine,miami,27,14,1:33.614,12,Finished
1126,842,214,1,79,2024-05-05,gasly,10,GAS,alpine,miami,28,14,1:51.060,12,Finished
1126,842,214,1,79,2024-05-05,gasly,10,GAS,alpine,miami,29,12,2:09.131,12,Finished
1126,842,214,1,79,2024-05-05,gasly,10,GAS,alpine,miami,30,12,1:55.163,12,Finished
1126,842,214,1,79,2024-05-05,gasly,10,GAS,alpine,miami,31,12,1:49.074,12,Finished
1126,842,214,1,79,2024-05-05,gasly,10,GAS,alpine,miami,32,12,2:10.975,12,Finished
1126,842,214,1,79,2024-05-05,gasly,10,GAS,alpine,miami,33,12,1:34.561,12,Finished
1126,842,214,1,79,2024-05-05,gasly,10,GAS,alpine,miami,34,12,1:33.201,12,Finished
1126,842,214,1,79,2024-05-05,gasly,10,GAS,alpine,miami,35,12,1:32.863,12,Finished
1126,842,214,1,79,2024-05-05,gasly,10,GAS,alpine,miami,36,12,1:32.878,12,Finished
1126,842,214,1,79,2024-05-05,gasly,10,GAS,alpine,miami,37,12,1:32.785,12,Finished
1126,842,214,1,79,2024-05-05,gasly,10,GAS,alpine,miami,38,12,1:32.989,12,Finished
1126,842,214,1,79,2024-05-05,gasly,10,GAS,alpine,miami,39,12,1:33.007,12,Finished
1126,842,214,1,79,2024-05-05,gasly,10,GAS,alpine,miami,40,12,1:32.786,12,Finished
1126,842,214,1,79,2024-05-05,gasly,10,GAS,alpine,miami,41,11,1:33.001,12,Finished
1126,842,214,1,79,2024-05-05,gasly,10,GAS,alpine,miami,42,11,1:32.627,12,Finished
1126,842,214,1,79,2024-05-05,gasly,10,GAS,alpine,miami,43,11,1:32.504,12,Finished
1126,842,214,1,79,2024-05-05,gasly,10,GAS,alpine,miami,44,11,1:32.855,12,Finished
1126,842,214,1,79,2024-05-05,gasly,10,GAS,alpine,miami,45,11,1:32.981,12,Finished
1126,842,214,1,79,2024-05-05,gasly,10,GAS,alpine,miami,46,12,1:34.341,12,Finished
1126,842,214,1,79,2024-05-05,gasly,10,GAS,alpine,miami,47,12,1:32.767,12,Finished
1126,842,214,1,79,2024-05-05,gasly,10,GAS,alpine,miami,48,12,1:32.628,12,Finished
1126,842,214,1,79,2024-05-05,gasly,10,GAS,alpine,miami,49,12,1:32.720,12,Finished
1126,842,214,1,79,2024-05-05,gasly,10,GAS,alpine,miami,50,12,1:32.492,12,Finished
1126,842,214,1,79,2024-05-05,gasly,10,GAS,alpine,miami,51,12,1:32.522,12,Finished
1126,842,214,1,79,2024-05-05,gasly,10,GAS,alpine,miami,52,12,1:32.643,12,Finished
1126,842,214,1,79,2024-05-05,gasly,10,GAS,alpine,miami,53,12,1:32.256,12,Finished
1126,842,214,1,79,2024-05-05,gasly,10,GAS,alpine,miami,54,12,1:32.285,12,Finished
1126,842,214,1,79,2024-05-05,gasly,10,GAS,alpine,miami,55,12,1:32.326,12,Finished
1126,842,214,1,79,2024-05-05,gasly,10,GAS,alpine,miami,56,12,1:32.055,12,Finished
1126,842,214,1,79,2024-05-05,gasly,10,GAS,alpine,miami,57,12,1:32.420,12,Finished
1126,807,210,1,79,2024-05-05,hulkenberg,27,HUL,haas,miami,1,8,1:40.159,9,Finished
1126,807,210,1,79,2024-05-05,hulkenberg,27,HUL,haas,miami,2,7,1:33.938,9,Finished
1126,807,210,1,79,2024-05-05,hulkenberg,27,HUL,haas,miami,3,7,1:34.140,9,Finished
1126,807,210,1,79,2024-05-05,hulkenberg,27,HUL,haas,miami,4,7,1:33.818,9,Finished
1126,807,210,1,79,2024-05-05,hulkenberg,27,HUL,haas,miami,5,7,1:33.776,9,Finished
1126,807,210,1,79,2024-05-05,hulkenberg,27,HUL,haas,miami,6,7,1:33.561,9,Finished
1126,807,210,1,79,2024-05-05,hulkenberg,27,HUL,haas,miami,7,7,1:34.953,9,Finished
1126,807,210,1,79,2024-05-05,hulkenberg,27,HUL,haas,miami,8,7,1:34.304,9,Finished
1126,807,210,1,79,2024-05-05,hulkenberg,27,HUL,haas,miami,9,7,1:34.126,9,Finished
1126,807,210,1,79,2024-05-05,hulkenberg,27,HUL,haas,miami,10,8,1:35.543,9,Finished
1126,807,210,1,79,2024-05-05,hulkenberg,27,HUL,haas,miami,11,8,1:34.756,9,Finished
1126,807,210,1,79,2024-05-05,hulkenberg,27,HUL,haas,miami,12,12,1:40.420,9,Finished
1126,807,210,1,79,2024-05-05,hulkenberg,27,HUL,haas,miami,13,15,1:48.595,9,Finished
1126,807,210,1,79,2024-05-05,hulkenberg,27,HUL,haas,miami,14,15,1:33.304,9,Finished
1126,807,210,1,79,2024-05-05,hulkenberg,27,HUL,haas,miami,15,15,1:32.922,9,Finished
1126,807,210,1,79,2024-05-05,hulkenberg,27,HUL,haas,miami,16,15,1:33.731,9,Finished
1126,807,210,1,79,2024-05-05,hulkenberg,27,HUL,haas,miami,17,15,1:33.621,9,Finished
1126,807,210,1,79,2024-05-05,hulkenberg,27,HUL,haas,miami,18,15,1:33.608,9,Finished
1126,807,210,1,79,2024-05-05,hulkenberg,27,HUL,haas,miami,19,15,1:33.273,9,Finished
1126,807,210,1,79,2024-05-05,hulkenberg,27,HUL,haas,miami,20,15,1:33.538,9,Finished
1126,807,210,1,79,2024-05-05,hulkenberg,27,HUL,haas,miami,21,15,1:33.705,9,Finished
1126,807,210,1,79,2024-05-05,hulkenberg,27,HUL,haas,miami,22,15,1:41.307,9,Finished
1126,807,210,1,79,2024-05-05,hulkenberg,27,HUL,haas,miami,23,12,1:40.564,9,Finished
1126,807,210,1,79,2024-05-05,hulkenberg,27,HUL,haas,miami,24,13,1:34.099,9,Finished
1126,807,210,1,79,2024-05-05,hulkenberg,27,HUL,haas,miami,25,14,1:34.486,9,Finished
1126,807,210,1,79,2024-05-05,hulkenberg,27,HUL,haas,miami,26,14,1:34.322,9,Finished
1126,807,210,1,79,2024-05-05,hulkenberg,27,HUL,haas,miami,27,15,1:34.825,9,Finished
1126,807,210,1,79,2024-05-05,hulkenberg,27,HUL,haas,miami,28,16,1:55.429,9,Finished
1126,807,210,1,79,2024-05-05,hulkenberg,27,HUL,haas,miami,29,16,2:17.985,9,Finished
1126,807,210,1,79,2024-05-05,hulkenberg,27,HUL,haas,miami,30,16,1:48.630,9,Finished
1126,807,210,1,79,2024-05-05,hulkenberg,27,HUL,haas,miami,31,16,1:51.013,9,Finished
1126,807,210,1,79,2024-05-05,hulkenberg,27,HUL,haas,miami,32,16,2:04.299,9,Finished
1126,807,210,1,79,2024-05-05,hulkenberg,27,HUL,haas,miami,33,16,1:33.618,9,Finished
1126,807,210,1,79,2024-05-05,hulkenberg,27,HUL,haas,miami,34,15,1:33.078,9,Finished
1126,807,210,1,79,2024-05-05,hulkenberg,27,HUL,haas,miami,35,15,1:33.115,9,Finished
1126,807,210,1,79,2024-05-05,hulkenberg,27,HUL,haas,miami,36,15,1:33.291,9,Finished
1126,807,210,1,79,2024-05-05,hulkenberg,27,HUL,haas,miami,37,15,1:32.894,9,Finished
1126,807,210,1,79,2024-05-05,hulkenberg,27,HUL,haas,miami,38,15,1:32.953,9,Finished
1126,807,210,1,79,2024-05-05,hulkenberg,27,HUL,haas,miami,39,15,1:33.092,9,Finished
1126,807,210,1,79,2024-05-05,hulkenberg,27,HUL,haas,miami,40,14,1:32.346,9,Finished
1126,807,210,1,79,2024-05-05,hulkenberg,27,HUL,haas,miami,41,12,1:32.637,9,Finished
1126,807,210,1,79,2024-05-05,hulkenberg,27,HUL,haas,miami,42,12,1:32.214,9,Finished
1126,807,210,1,79,2024-05-05,hulkenberg,27,HUL,haas,miami,43,12,1:32.638,9,Finished
1126,807,210,1,79,2024-05-05,hulkenberg,27,HUL,haas,miami,44,12,1:32.457,9,Finished
1126,807,210,1,79,2024-05-05,hulkenberg,27,HUL,haas,miami,45,12,1:32.474,9,Finished
1126,807,210,1,79,2024-05-05,hulkenberg,27,HUL,haas,miami,46,11,1:32.667,9,Finished
1126,807,210,1,79,2024-05-05,hulkenberg,27,HUL,haas,miami,47,11,1:32.184,9,Finished
1126,807,210,1,79,2024-05-05,hulkenberg,27,HUL,haas,miami,48,11,1:32.298,9,Finished
1126,807,210,1,79,2024-05-05,hulkenberg,27,HUL,haas,miami,49,11,1:32.474,9,Finished
1126,807,210,1,79,2024-05-05,hulkenberg,27,HUL,haas,miami,50,11,1:32.144,9,Finished
1126,807,210,1,79,2024-05-05,hulkenberg,27,HUL,haas,miami,51,11,1:32.044,9,Finished
1126,807,210,1,79,2024-05-05,hulkenberg,27,HUL,haas,miami,52,11,1:32.403,9,Finished
1126,807,210,1,79,2024-05-05,hulkenberg,27,HUL,haas,miami,53,11,1:32.534,9,Finished
1126,807,210,1,79,2024-05-05,hulkenberg,27,HUL,haas,miami,54,11,1:32.187,9,Finished
1126,807,210,1,79,2024-05-05,hulkenberg,27,HUL,haas,miami,55,11,1:32.045,9,Finished
1126,807,210,1,79,2024-05-05,hulkenberg,27,HUL,haas,miami,56,11,1:31.941,9,Finished
1126,807,210,1,79,2024-05-05,hulkenberg,27,HUL,haas,miami,57,11,1:32.187,9,Finished
1126,825,210,1,79,2024-05-05,kevin_magnussen,20,MAG,haas,miami,1,17,1:44.924,19,Finished
1126,825,210,1,79,2024-05-05,kevin_magnussen,20,MAG,haas,miami,2,19,1:36.868,19,Finished
1126,825,210,1,79,2024-05-05,kevin_magnussen,20,MAG,haas,miami,3,19,1:35.280,19,Finished
1126,825,210,1,79,2024-05-05,kevin_magnussen,20,MAG,haas,miami,4,19,1:34.460,19,Finished
1126,825,210,1,79,2024-05-05,kevin_magnussen,20,MAG,haas,miami,5,19,1:34.221,19,Finished
1126,825,210,1,79,2024-05-05,kevin_magnussen,20,MAG,haas,miami,6,19,1:33.856,19,Finished
1126,825,210,1,79,2024-05-05,kevin_magnussen,20,MAG,haas,miami,7,19,1:34.666,19,Finished
1126,825,210,1,79,2024-05-05,kevin_magnussen,20,MAG,haas,miami,8,19,1:35.192,19,Finished
1126,825,210,1,79,2024-05-05,kevin_magnussen,20,MAG,haas,miami,9,19,1:34.577,19,Finished
1126,825,210,1,79,2024-05-05,kevin_magnussen,20,MAG,haas,miami,10,19,1:35.118,19,Finished
1126,825,210,1,79,2024-05-05,kevin_magnussen,20,MAG,haas,miami,11,17,1:35.152,19,Finished
1126,825,210,1,79,2024-05-05,kevin_magnussen,20,MAG,haas,miami,12,15,1:34.613,19,Finished
1126,825,210,1,79,2024-05-05,kevin_magnussen,20,MAG,haas,miami,13,13,1:34.605,19,Finished
1126,825,210,1,79,2024-05-05,kevin_magnussen,20,MAG,haas,miami,14,13,1:34.218,19,Finished
1126,825,210,1,79,2024-05-05,kevin_magnussen,20,MAG,haas,miami,15,13,1:33.895,19,Finished
1126,825,210,1,79,2024-05-05,kevin_magnussen,20,MAG,haas,miami,16,13,1:34.125,19,Finished
1126,825,210,1,79,2024-05-05,kevin_magnussen,20,MAG,haas,miami,17,13,1:34.140,19,Finished
1126,825,210,1,79,2024-05-05,kevin_magnussen,20,MAG,haas,miami,18,13,1:34.036,19,Finished
1126,825,210,1,79,2024-05-05,kevin_magnussen,20,MAG,haas,miami,19,13,1:34.127,19,Finished
1126,825,210,1,79,2024-05-05,kevin_magnussen,20,MAG,haas,miami,20,13,1:34.121,19,Finished
1126,825,210,1,79,2024-05-05,kevin_magnussen,20,MAG,haas,miami,21,13,1:34.118,19,Finished
1126,825,210,1,79,2024-05-05,kevin_magnussen,20,MAG,haas,miami,22,14,1:44.467,19,Finished
1126,825,210,1,79,2024-05-05,kevin_magnussen,20,MAG,haas,miami,23,19,1:48.784,19,Finished
1126,825,210,1,79,2024-05-05,kevin_magnussen,20,MAG,haas,miami,24,19,1:33.148,19,Finished
1126,825,210,1,79,2024-05-05,kevin_magnussen,20,MAG,haas,miami,25,19,1:33.181,19,Finished
1126,825,210,1,79,2024-05-05,kevin_magnussen,20,MAG,haas,miami,26,19,1:34.371,19,Finished
1126,825,210,1,79,2024-05-05,kevin_magnussen,20,MAG,haas,miami,27,19,1:33.379,19,Finished
1126,825,210,1,79,2024-05-05,kevin_magnussen,20,MAG,haas,miami,28,19,2:26.123,19,Finished
1126,825,210,1,79,2024-05-05,kevin_magnussen,20,MAG,haas,miami,29,19,2:25.263,19,Finished
1126,825,210,1,79,2024-05-05,kevin_magnussen,20,MAG,haas,miami,30,19,1:43.269,19,Finished
1126,825,210,1,79,2024-05-05,kevin_magnussen,20,MAG,haas,miami,31,19,1:40.373,19,Finished
1126,825,210,1,79,2024-05-05,kevin_magnussen,20,MAG,haas,miami,32,19,1:55.086,19,Finished
1126,825,210,1,79,2024-05-05,kevin_magnussen,20,MAG,haas,miami,33,19,1:31.774,19,Finished
1126,825,210,1,79,2024-05-05,kevin_magnussen,20,MAG,haas,miami,34,19,1:32.230,19,Finished
1126,825,210,1,79,2024-05-05,kevin_magnussen,20,MAG,haas,miami,35,19,1:31.993,19,Finished
1126,825,210,1,79,2024-05-05,kevin_magnussen,20,MAG,haas,miami,36,19,1:32.206,19,Finished
1126,825,210,1,79,2024-05-05,kevin_magnussen,20,MAG,haas,miami,37,19,1:31.985,19,Finished
1126,825,210,1,79,2024-05-05,kevin_magnussen,20,MAG,haas,miami,38,19,1:32.074,19,Finished
1126,825,210,1,79,2024-05-05,kevin_magnussen,20,MAG,haas,miami,39,19,1:32.318,19,Finished
1126,825,210,1,79,2024-05-05,kevin_magnussen,20,MAG,haas,miami,40,19,1:32.462,19,Finished
1126,825,210,1,79,2024-05-05,kevin_magnussen,20,MAG,haas,miami,41,18,1:32.336,19,Finished
1126,825,210,1,79,2024-05-05,kevin_magnussen,20,MAG,haas,miami,42,18,1:32.300,19,Finished
1126,825,210,1,79,2024-05-05,kevin_magnussen,20,MAG,haas,miami,43,18,1:32.087,19,Finished
1126,825,210,1,79,2024-05-05,kevin_magnussen,20,MAG,haas,miami,44,18,1:32.287,19,Finished
1126,825,210,1,79,2024-05-05,kevin_magnussen,20,MAG,haas,miami,45,18,1:32.279,19,Finished
1126,825,210,1,79,2024-05-05,kevin_magnussen,20,MAG,haas,miami,46,19,1:33.068,19,Finished
1126,825,210,1,79,2024-05-05,kevin_magnussen,20,MAG,haas,miami,47,19,1:32.989,19,Finished
1126,825,210,1,79,2024-05-05,kevin_magnussen,20,MAG,haas,miami,48,19,1:32.384,19,Finished
1126,825,210,1,79,2024-05-05,kevin_magnussen,20,MAG,haas,miami,49,19,1:32.344,19,Finished
1126,825,210,1,79,2024-05-05,kevin_magnussen,20,MAG,haas,miami,50,19,1:32.395,19,Finished
1126,825,210,1,79,2024-05-05,kevin_magnussen,20,MAG,haas,miami,51,19,1:32.433,19,Finished
1126,825,210,1,79,2024-05-05,kevin_magnussen,20,MAG,haas,miami,52,19,1:33.125,19,Finished
1126,825,210,1,79,2024-05-05,kevin_magnussen,20,MAG,haas,miami,53,18,1:32.704,19,Finished
1126,825,210,1,79,2024-05-05,kevin_magnussen,20,MAG,haas,miami,54,18,1:32.755,19,Finished
1126,825,210,1,79,2024-05-05,kevin_magnussen,20,MAG,haas,miami,55,18,1:32.360,19,Finished
1126,825,210,1,79,2024-05-05,kevin_magnussen,20,MAG,haas,miami,56,18,1:32.781,19,Finished
1126,825,210,1,79,2024-05-05,kevin_magnussen,20,MAG,haas,miami,57,18,1:33.134,19,Finished
1126,855,15,1,79,2024-05-05,zhou,24,ZHO,sauber,miami,1,18,1:45.046,20,Finished
1126,855,15,1,79,2024-05-05,zhou,24,ZHO,sauber,miami,2,17,1:36.265,20,Finished
1126,855,15,1,79,2024-05-05,zhou,24,ZHO,sauber,miami,3,17,1:34.339,20,Finished
1126,855,15,1,79,2024-05-05,zhou,24,ZHO,sauber,miami,4,17,1:34.357,20,Finished
1126,855,15,1,79,2024-05-05,zhou,24,ZHO,sauber,miami,5,17,1:33.673,20,Finished
1126,855,15,1,79,2024-05-05,zhou,24,ZHO,sauber,miami,6,17,1:34.318,20,Finished
1126,855,15,1,79,2024-05-05,zhou,24,ZHO,sauber,miami,7,17,1:34.455,20,Finished
1126,855,15,1,79,2024-05-05,zhou,24,ZHO,sauber,miami,8,17,1:34.539,20,Finished
1126,855,15,1,79,2024-05-05,zhou,24,ZHO,sauber,miami,9,17,1:34.263,20,Finished
1126,855,15,1,79,2024-05-05,zhou,24,ZHO,sauber,miami,10,16,1:34.286,20,Finished
1126,855,15,1,79,2024-05-05,zhou,24,ZHO,sauber,miami,11,15,1:34.662,20,Finished
1126,855,15,1,79,2024-05-05,zhou,24,ZHO,sauber,miami,12,13,1:34.455,20,Finished
1126,855,15,1,79,2024-05-05,zhou,24,ZHO,sauber,miami,13,12,1:34.666,20,Finished
1126,855,15,1,79,2024-05-05,zhou,24,ZHO,sauber,miami,14,12,1:34.195,20,Finished
1126,855,15,1,79,2024-05-05,zhou,24,ZHO,sauber,miami,15,12,1:34.166,20,Finished
1126,855,15,1,79,2024-05-05,zhou,24,ZHO,sauber,miami,16,12,1:34.005,20,Finished
1126,855,15,1,79,2024-05-05,zhou,24,ZHO,sauber,miami,17,12,1:34.095,20,Finished
1126,855,15,1,79,2024-05-05,zhou,24,ZHO,sauber,miami,18,12,1:34.394,20,Finished
1126,855,15,1,79,2024-05-05,zhou,24,ZHO,sauber,miami,19,12,1:33.941,20,Finished
1126,855,15,1,79,2024-05-05,zhou,24,ZHO,sauber,miami,20,12,1:34.286,20,Finished
1126,855,15,1,79,2024-05-05,zhou,24,ZHO,sauber,miami,21,12,1:34.689,20,Finished
1126,855,15,1,79,2024-05-05,zhou,24,ZHO,sauber,miami,22,11,1:39.455,20,Finished
1126,855,15,1,79,2024-05-05,zhou,24,ZHO,sauber,miami,23,10,1:42.852,20,Finished
1126,855,15,1,79,2024-05-05,zhou,24,ZHO,sauber,miami,24,10,1:33.688,20,Finished
1126,855,15,1,79,2024-05-05,zhou,24,ZHO,sauber,miami,25,9,1:33.664,20,Finished
1126,855,15,1,79,2024-05-05,zhou,24,ZHO,sauber,miami,26,9,1:33.644,20,Finished
1126,855,15,1,79,2024-05-05,zhou,24,ZHO,sauber,miami,27,8,1:33.485,20,Finished
1126,855,15,1,79,2024-05-05,zhou,24,ZHO,sauber,miami,28,10,1:53.108,20,Finished
1126,855,15,1,79,2024-05-05,zhou,24,ZHO,sauber,miami,29,14,2:19.346,20,Finished
1126,855,15,1,79,2024-05-05,zhou,24,ZHO,sauber,miami,30,14,1:54.967,20,Finished
1126,855,15,1,79,2024-05-05,zhou,24,ZHO,sauber,miami,31,14,1:51.067,20,Finished
1126,855,15,1,79,2024-05-05,zhou,24,ZHO,sauber,miami,32,14,2:07.331,20,Finished
1126,855,15,1,79,2024-05-05,zhou,24,ZHO,sauber,miami,33,14,1:33.784,20,Finished
1126,855,15,1,79,2024-05-05,zhou,24,ZHO,sauber,miami,34,14,1:33.438,20,Finished
1126,855,15,1,79,2024-05-05,zhou,24,ZHO,sauber,miami,35,14,1:33.184,20,Finished
1126,855,15,1,79,2024-05-05,zhou,24,ZHO,sauber,miami,36,14,1:33.258,20,Finished
1126,855,15,1,79,2024-05-05,zhou,24,ZHO,sauber,miami,37,14,1:32.951,20,Finished
1126,855,15,1,79,2024-05-05,zhou,24,ZHO,sauber,miami,38,14,1:32.919,20,Finished
1126,855,15,1,79,2024-05-05,zhou,24,ZHO,sauber,miami,39,14,1:33.309,20,Finished
1126,855,15,1,79,2024-05-05,zhou,24,ZHO,sauber,miami,40,15,1:33.703,20,Finished
1126,855,15,1,79,2024-05-05,zhou,24,ZHO,sauber,miami,41,14,1:32.896,20,Finished
1126,855,15,1,79,2024-05-05,zhou,24,ZHO,sauber,miami,42,14,1:32.777,20,Finished
1126,855,15,1,79,2024-05-05,zhou,24,ZHO,sauber,miami,43,14,1:32.818,20,Finished
1126,855,15,1,79,2024-05-05,zhou,24,ZHO,sauber,miami,44,14,1:33.010,20,Finished
1126,855,15,1,79,2024-05-05,zhou,24,ZHO,sauber,miami,45,14,1:32.774,20,Finished
1126,855,15,1,79,2024-05-05,zhou,24,ZHO,sauber,miami,46,14,1:32.591,20,Finished
1126,855,15,1,79,2024-05-05,zhou,24,ZHO,sauber,miami,47,14,1:32.781,20,Finished
1126,855,15,1,79,2024-05-05,zhou,24,ZHO,sauber,miami,48,15,1:34.209,20,Finished
1126,855,15,1,79,2024-05-05,zhou,24,ZHO,sauber,miami,49,15,1:32.938,20,Finished
1126,855,15,1,79,2024-05-05,zhou,24,ZHO,sauber,miami,50,15,1:32.522,20,Finished
1126,855,15,1,79,2024-05-05,zhou,24,ZHO,sauber,miami,51,15,1:32.611,20,Finished
1126,855,15,1,79,2024-05-05,zhou,24,ZHO,sauber,miami,52,14,1:33.156,20,Finished
1126,855,15,1,79,2024-05-05,zhou,24,ZHO,sauber,miami,53,14,1:32.922,20,Finished
1126,855,15,1,79,2024-05-05,zhou,24,ZHO,sauber,miami,54,14,1:32.457,20,Finished
1126,855,15,1,79,2024-05-05,zhou,24,ZHO,sauber,miami,55,14,1:32.170,20,Finished
1126,855,15,1,79,2024-05-05,zhou,24,ZHO,sauber,miami,56,14,1:31.991,20,Finished
1126,855,15,1,79,2024-05-05,zhou,24,ZHO,sauber,miami,57,15,1:32.984,20,Finished
1126,822,15,1,79,2024-05-05,bottas,77,BOT,sauber,miami,1,19,1:45.784,16,Finished
1126,822,15,1,79,2024-05-05,bottas,77,BOT,sauber,miami,2,18,1:35.803,16,Finished
1126,822,15,1,79,2024-05-05,bottas,77,BOT,sauber,miami,3,18,1:34.634,16,Finished
1126,822,15,1,79,2024-05-05,bottas,77,BOT,sauber,miami,4,18,1:34.397,16,Finished
1126,822,15,1,79,2024-05-05,bottas,77,BOT,sauber,miami,5,18,1:33.828,16,Finished
1126,822,15,1,79,2024-05-05,bottas,77,BOT,sauber,miami,6,18,1:34.373,16,Finished
1126,822,15,1,79,2024-05-05,bottas,77,BOT,sauber,miami,7,18,1:34.395,16,Finished
1126,822,15,1,79,2024-05-05,bottas,77,BOT,sauber,miami,8,18,1:34.754,16,Finished
1126,822,15,1,79,2024-05-05,bottas,77,BOT,sauber,miami,9,18,1:34.597,16,Finished
1126,822,15,1,79,2024-05-05,bottas,77,BOT,sauber,miami,10,17,1:34.726,16,Finished
1126,822,15,1,79,2024-05-05,bottas,77,BOT,sauber,miami,11,19,1:39.656,16,Finished
1126,822,15,1,79,2024-05-05,bottas,77,BOT,sauber,miami,12,20,1:49.559,16,Finished
1126,822,15,1,79,2024-05-05,bottas,77,BOT,sauber,miami,13,20,1:33.803,16,Finished
1126,822,15,1,79,2024-05-05,bottas,77,BOT,sauber,miami,14,20,1:33.594,16,Finished
1126,822,15,1,79,2024-05-05,bottas,77,BOT,sauber,miami,15,20,1:33.615,16,Finished
1126,822,15,1,79,2024-05-05,bottas,77,BOT,sauber,miami,16,20,1:33.896,16,Finished
1126,822,15,1,79,2024-05-05,bottas,77,BOT,sauber,miami,17,20,1:33.650,16,Finished
1126,822,15,1,79,2024-05-05,bottas,77,BOT,sauber,miami,18,20,1:34.056,16,Finished
1126,822,15,1,79,2024-05-05,bottas,77,BOT,sauber,miami,19,20,1:33.757,16,Finished
1126,822,15,1,79,2024-05-05,bottas,77,BOT,sauber,miami,20,20,1:34.152,16,Finished
1126,822,15,1,79,2024-05-05,bottas,77,BOT,sauber,miami,21,20,1:34.199,16,Finished
1126,822,15,1,79,2024-05-05,bottas,77,BOT,sauber,miami,22,20,1:45.281,16,Finished
1126,822,15,1,79,2024-05-05,bottas,77,BOT,sauber,miami,23,20,1:36.788,16,Finished
1126,822,15,1,79,2024-05-05,bottas,77,BOT,sauber,miami,24,20,1:33.747,16,Finished
1126,822,15,1,79,2024-05-05,bottas,77,BOT,sauber,miami,25,20,1:33.400,16,Finished
1126,822,15,1,79,2024-05-05,bottas,77,BOT,sauber,miami,26,20,1:33.786,16,Finished
1126,822,15,1,79,2024-05-05,bottas,77,BOT,sauber,miami,27,20,1:33.561,16,Finished
1126,822,15,1,79,2024-05-05,bottas,77,BOT,sauber,miami,28,18,1:57.663,16,Finished
1126,822,15,1,79,2024-05-05,bottas,77,BOT,sauber,miami,29,18,2:10.736,16,Finished
1126,822,15,1,79,2024-05-05,bottas,77,BOT,sauber,miami,30,18,1:59.415,16,Finished
1126,822,15,1,79,2024-05-05,bottas,77,BOT,sauber,miami,31,18,1:42.586,16,Finished
1126,822,15,1,79,2024-05-05,bottas,77,BOT,sauber,miami,32,18,2:01.903,16,Finished
1126,822,15,1,79,2024-05-05,bottas,77,BOT,sauber,miami,33,18,1:33.009,16,Finished
1126,822,15,1,79,2024-05-05,bottas,77,BOT,sauber,miami,34,18,1:33.392,16,Finished
1126,822,15,1,79,2024-05-05,bottas,77,BOT,sauber,miami,35,18,1:32.922,16,Finished
1126,822,15,1,79,2024-05-05,bottas,77,BOT,sauber,miami,36,18,1:33.229,16,Finished
1126,822,15,1,79,2024-05-05,bottas,77,BOT,sauber,miami,37,18,1:32.950,16,Finished
1126,822,15,1,79,2024-05-05,bottas,77,BOT,sauber,miami,38,18,1:33.007,16,Finished
1126,822,15,1,79,2024-05-05,bottas,77,BOT,sauber,miami,39,18,1:33.012,16,Finished
1126,822,15,1,79,2024-05-05,bottas,77,BOT,sauber,miami,40,18,1:33.527,16,Finished
1126,822,15,1,79,2024-05-05,bottas,77,BOT,sauber,miami,41,17,1:33.044,16,Finished
1126,822,15,1,79,2024-05-05,bottas,77,BOT,sauber,miami,42,17,1:32.858,16,Finished
1126,822,15,1,79,2024-05-05,bottas,77,BOT,sauber,miami,43,17,1:32.748,16,Finished
1126,822,15,1,79,2024-05-05,bottas,77,BOT,sauber,miami,44,17,1:32.947,16,Finished
1126,822,15,1,79,2024-05-05,bottas,77,BOT,sauber,miami,45,17,1:33.026,16,Finished
1126,822,15,1,79,2024-05-05,bottas,77,BOT,sauber,miami,46,17,1:32.908,16,Finished
1126,822,15,1,79,2024-05-05,bottas,77,BOT,sauber,miami,47,17,1:32.888,16,Finished
1126,822,15,1,79,2024-05-05,bottas,77,BOT,sauber,miami,48,18,1:33.421,16,Finished
1126,822,15,1,79,2024-05-05,bottas,77,BOT,sauber,miami,49,18,1:33.186,16,Finished
1126,822,15,1,79,2024-05-05,bottas,77,BOT,sauber,miami,50,18,1:32.460,16,Finished
1126,822,15,1,79,2024-05-05,bottas,77,BOT,sauber,miami,51,18,1:32.666,16,Finished
1126,822,15,1,79,2024-05-05,bottas,77,BOT,sauber,miami,52,18,1:32.605,16,Finished
1126,822,15,1,79,2024-05-05,bottas,77,BOT,sauber,miami,53,17,1:32.853,16,Finished
1126,822,15,1,79,2024-05-05,bottas,77,BOT,sauber,miami,54,17,1:32.326,16,Finished
1126,822,15,1,79,2024-05-05,bottas,77,BOT,sauber,miami,55,17,1:32.098,16,Finished
1126,822,15,1,79,2024-05-05,bottas,77,BOT,sauber,miami,56,17,1:32.437,16,Finished
1126,822,15,1,79,2024-05-05,bottas,77,BOT,sauber,miami,57,17,1:32.619,16,Finished
1126,848,3,1,79,2024-05-05,albon,23,ALB,williams,miami,1,15,1:43.958,14,Finished
1126,848,3,1,79,2024-05-05,albon,23,ALB,williams,miami,2,14,1:34.925,14,Finished
1126,848,3,1,79,2024-05-05,albon,23,ALB,williams,miami,3,14,1:34.309,14,Finished
1126,848,3,1,79,2024-05-05,albon,23,ALB,williams,miami,4,14,1:33.889,14,Finished
1126,848,3,1,79,2024-05-05,albon,23,ALB,williams,miami,5,14,1:34.174,14,Finished
1126,848,3,1,79,2024-05-05,albon,23,ALB,williams,miami,6,14,1:34.260,14,Finished
1126,848,3,1,79,2024-05-05,albon,23,ALB,williams,miami,7,14,1:34.475,14,Finished
1126,848,3,1,79,2024-05-05,albon,23,ALB,williams,miami,8,14,1:33.981,14,Finished
1126,848,3,1,79,2024-05-05,albon,23,ALB,williams,miami,9,14,1:34.249,14,Finished
1126,848,3,1,79,2024-05-05,albon,23,ALB,williams,miami,10,18,1:39.601,14,Finished
1126,848,3,1,79,2024-05-05,albon,23,ALB,williams,miami,11,20,1:47.913,14,Finished
1126,848,3,1,79,2024-05-05,albon,23,ALB,williams,miami,12,18,1:34.419,14,Finished
1126,848,3,1,79,2024-05-05,albon,23,ALB,williams,miami,13,18,1:34.490,14,Finished
1126,848,3,1,79,2024-05-05,albon,23,ALB,williams,miami,14,18,1:33.929,14,Finished
1126,848,3,1,79,2024-05-05,albon,23,ALB,williams,miami,15,18,1:33.447,14,Finished
1126,848,3,1,79,2024-05-05,albon,23,ALB,williams,miami,16,18,1:34.178,14,Finished
1126,848,3,1,79,2024-05-05,albon,23,ALB,williams,miami,17,18,1:33.683,14,Finished
1126,848,3,1,79,2024-05-05,albon,23,ALB,williams,miami,18,18,1:33.692,14,Finished
1126,848,3,1,79,2024-05-05,albon,23,ALB,williams,miami,19,18,1:33.671,14,Finished
1126,848,3,1,79,2024-05-05,albon,23,ALB,williams,miami,20,18,1:33.584,14,Finished
1126,848,3,1,79,2024-05-05,albon,23,ALB,williams,miami,21,18,1:33.607,14,Finished
1126,848,3,1,79,2024-05-05,albon,23,ALB,williams,miami,22,18,1:43.665,14,Finished
1126,848,3,1,79,2024-05-05,albon,23,ALB,williams,miami,23,17,1:38.596,14,Finished
1126,848,3,1,79,2024-05-05,albon,23,ALB,williams,miami,24,17,1:33.960,14,Finished
1126,848,3,1,79,2024-05-05,albon,23,ALB,williams,miami,25,17,1:33.429,14,Finished
1126,848,3,1,79,2024-05-05,albon,23,ALB,williams,miami,26,17,1:33.474,14,Finished
1126,848,3,1,79,2024-05-05,albon,23,ALB,williams,miami,27,17,1:33.780,14,Finished
1126,848,3,1,79,2024-05-05,albon,23,ALB,williams,miami,28,15,1:53.226,14,Finished
1126,848,3,1,79,2024-05-05,albon,23,ALB,williams,miami,29,13,2:07.113,14,Finished
1126,848,3,1,79,2024-05-05,albon,23,ALB,williams,miami,30,13,1:53.020,14,Finished
1126,848,3,1,79,2024-05-05,albon,23,ALB,williams,miami,31,13,1:51.085,14,Finished
1126,848,3,1,79,2024-05-05,albon,23,ALB,williams,miami,32,13,2:09.454,14,Finished
1126,848,3,1,79,2024-05-05,albon,23,ALB,williams,miami,33,13,1:33.921,14,Finished
1126,848,3,1,79,2024-05-05,albon,23,ALB,williams,miami,34,13,1:33.497,14,Finished
1126,848,3,1,79,2024-05-05,albon,23,ALB,williams,miami,35,13,1:32.855,14,Finished
1126,848,3,1,79,2024-05-05,albon,23,ALB,williams,miami,36,13,1:33.157,14,Finished
1126,848,3,1,79,2024-05-05,albon,23,ALB,williams,miami,37,13,1:33.054,14,Finished
1126,848,3,1,79,2024-05-05,albon,23,ALB,williams,miami,38,13,1:32.997,14,Finished
1126,848,3,1,79,2024-05-05,albon,23,ALB,williams,miami,39,13,1:33.499,14,Finished
1126,848,3,1,79,2024-05-05,albon,23,ALB,williams,miami,40,13,1:32.765,14,Finished
1126,848,3,1,79,2024-05-05,albon,23,ALB,williams,miami,41,13,1:33.642,14,Finished
1126,848,3,1,79,2024-05-05,albon,23,ALB,williams,miami,42,13,1:32.947,14,Finished
1126,848,3,1,79,2024-05-05,albon,23,ALB,williams,miami,43,13,1:32.681,14,Finished
1126,848,3,1,79,2024-05-05,albon,23,ALB,williams,miami,44,13,1:32.778,14,Finished
1126,848,3,1,79,2024-05-05,albon,23,ALB,williams,miami,45,13,1:32.565,14,Finished
1126,848,3,1,79,2024-05-05,albon,23,ALB,williams,miami,46,13,1:32.801,14,Finished
1126,848,3,1,79,2024-05-05,albon,23,ALB,williams,miami,47,13,1:32.660,14,Finished
1126,848,3,1,79,2024-05-05,albon,23,ALB,williams,miami,48,13,1:32.552,14,Finished
1126,848,3,1,79,2024-05-05,albon,23,ALB,williams,miami,49,13,1:32.646,14,Finished
1126,848,3,1,79,2024-05-05,albon,23,ALB,williams,miami,50,13,1:32.755,14,Finished
1126,848,3,1,79,2024-05-05,albon,23,ALB,williams,miami,51,13,1:34.142,14,Finished
1126,848,3,1,79,2024-05-05,albon,23,ALB,williams,miami,52,15,1:35.038,14,Finished
1126,848,3,1,79,2024-05-05,albon,23,ALB,williams,miami,53,19,1:46.697,14,Finished
1126,848,3,1,79,2024-05-05,albon,23,ALB,williams,miami,54,19,1:46.898,14,Finished
1126,848,3,1,79,2024-05-05,albon,23,ALB,williams,miami,55,19,1:30.849,14,Finished
1126,848,3,1,79,2024-05-05,albon,23,ALB,williams,miami,56,19,1:32.063,14,Finished
1126,848,3,1,79,2024-05-05,albon,23,ALB,williams,miami,57,19,1:31.272,14,Finished
1126,858,3,4,79,2024-05-05,sargeant,2,SAR,williams,miami,1,16,1:44.320,17,Collision
1126,858,3,4,79,2024-05-05,sargeant,2,SAR,williams,miami,2,16,1:35.367,17,Collision
1126,858,3,4,79,2024-05-05,sargeant,2,SAR,williams,miami,3,16,1:34.646,17,Collision
1126,858,3,4,79,2024-05-05,sargeant,2,SAR,williams,miami,4,16,1:34.303,17,Collision
1126,858,3,4,79,2024-05-05,sargeant,2,SAR,williams,miami,5,16,1:33.833,17,Collision
1126,858,3,4,79,2024-05-05,sargeant,2,SAR,williams,miami,6,16,1:34.465,17,Collision
1126,858,3,4,79,2024-05-05,sargeant,2,SAR,williams,miami,7,16,1:34.641,17,Collision
1126,858,3,4,79,2024-05-05,sargeant,2,SAR,williams,miami,8,16,1:34.474,17,Collision
1126,858,3,4,79,2024-05-05,sargeant,2,SAR,williams,miami,9,16,1:34.275,17,Collision
1126,858,3,4,79,2024-05-05,sargeant,2,SAR,williams,miami,10,15,1:34.582,17,Collision
1126,858,3,4,79,2024-05-05,sargeant,2,SAR,williams,miami,11,16,1:39.392,17,Collision
1126,858,3,4,79,2024-05-05,sargeant,2,SAR,williams,miami,12,19,1:48.848,17,Collision
1126,858,3,4,79,2024-05-05,sargeant,2,SAR,williams,miami,13,19,1:33.706,17,Collision
1126,858,3,4,79,2024-05-05,sargeant,2,SAR,williams,miami,14,19,1:33.692,17,Collision
1126,858,3,4,79,2024-05-05,sargeant,2,SAR,williams,miami,15,19,1:33.452,17,Collision
1126,858,3,4,79,2024-05-05,sargeant,2,SAR,williams,miami,16,19,1:34.022,17,Collision
1126,858,3,4,79,2024-05-05,sargeant,2,SAR,williams,miami,17,19,1:33.717,17,Collision
1126,858,3,4,79,2024-05-05,sargeant,2,SAR,williams,miami,18,19,1:33.680,17,Collision
1126,858,3,4,79,2024-05-05,sargeant,2,SAR,williams,miami,19,19,1:33.542,17,Collision
1126,858,3,4,79,2024-05-05,sargeant,2,SAR,williams,miami,20,19,1:33.715,17,Collision
1126,858,3,4,79,2024-05-05,sargeant,2,SAR,williams,miami,21,19,1:33.805,17,Collision
1126,858,3,4,79,2024-05-05,sargeant,2,SAR,williams,miami,22,19,1:43.592,17,Collision
1126,858,3,4,79,2024-05-05,sargeant,2,SAR,williams,miami,23,18,1:38.214,17,Collision
1126,858,3,4,79,2024-05-05,sargeant,2,SAR,williams,miami,24,18,1:33.685,17,Collision
1126,858,3,4,79,2024-05-05,sargeant,2,SAR,williams,miami,25,18,1:33.802,17,Collision
1126,858,3,4,79,2024-05-05,sargeant,2,SAR,williams,miami,26,18,1:34.215,17,Collision
1126,858,3,4,79,2024-05-05,sargeant,2,SAR,williams,miami,27,18,1:33.555,17,Collision
